Tag_ID,Tiller_23,Inf_23,Spikelet_A,Spikelet_B,Spikelet_C,tiller_Herb
100,11,0,NA,NA,NA,0
101,11,0,NA,NA,NA,0
102,9,0,NA,NA,NA,4
103,9,0,NA,NA,NA,0
104,11,0,NA,NA,NA,0
105,12,0,NA,NA,NA,0
106,15,0,NA,NA,NA,1
107,21,0,NA,NA,NA,1
108,26,0,NA,NA,NA,0
109,13,4,44,36,47,0
110,10,4,42,53,30,0
111,25,0,NA,NA,NA,1
112,15,0,NA,NA,NA,0
113,13,0,NA,NA,NA,0
114,5,0,NA,NA,NA,0
115,11,9,NA,NA,NA,0
116,8,3,NA,NA,NA,0
117,3,1,NA,NA,NA,0
118,10,8,NA,NA,NA,6
119,8,3,NA,NA,NA,1
120,17,16,NA,NA,NA,0
121,2,0,NA,NA,NA,0
122,10,7,NA,NA,NA,0
123,5,1,NA,NA,NA,0
124,9,6,NA,NA,NA,0
125,16,11,NA,NA,NA,0
126,6,5,NA,NA,NA,1
127,14,1,NA,NA,NA,0
128,14,7,NA,NA,NA,0
129,5,0,NA,NA,NA,0
130,7,2,NA,NA,NA,0
131,8,5,NA,NA,NA,0
132,11,4,NA,NA,NA,0
133,16,10,NA,NA,NA,0
134,23,11,NA,NA,NA,0
135,11,4,NA,NA,NA,0
136,31,16,NA,NA,NA,0
137,14,2,NA,NA,NA,0
138,6,3,NA,NA,NA,0
139,7,3,NA,NA,NA,0
140,8,5,NA,NA,NA,0
141,15,9,NA,NA,NA,2
142,8,1,NA,NA,NA,0
143,12,2,NA,NA,NA,0
144,12,5,NA,NA,NA,0
145,19,5,20,32,27,0
146,12,4,NA,NA,NA,0
147,16,1,NA,NA,NA,0
148,14,2,NA,NA,NA,0
149,14,1,NA,NA,NA,0
150,14,0,NA,NA,NA,0
151,9,0,NA,NA,NA,0
152,8,0,NA,NA,NA,0
153,8,1,NA,NA,NA,0
154,31,0,NA,NA,NA,0
155,9,4,18,28,24,0
156,14,0,NA,NA,NA,0
157,8,5,38,NA,NA,0
158,13,0,NA,NA,NA,0
159,3,0,NA,NA,NA,0
160,24,6,NA,NA,NA,0
161,18,9,NA,NA,NA,0
162,23,16,NA,NA,NA,0
163,16,6,NA,NA,NA,0
164,29,6,NA,NA,NA,0
165,17,5,NA,NA,NA,0
166,18,7,NA,NA,NA,0
167,10,5,NA,NA,NA,0
168,11,6,NA,NA,NA,0
169,9,0,NA,NA,NA,0
170,24,15,NA,NA,NA,0
171,14,11,NA,NA,NA,0
172,43,7,NA,NA,NA,0
173,34,13,NA,NA,NA,0
174,17,7,NA,NA,NA,0
175,7,3,45,31,NA,0
176,11,3,NA,NA,NA,0
177,27,0,NA,NA,NA,0
178,8,0,NA,NA,NA,0
179,10,0,NA,NA,NA,0
180,7,4,21,22,20,0
181,8,0,NA,NA,NA,0
182,9,0,NA,NA,NA,0
183,14,0,NA,NA,NA,0
184,12,0,NA,NA,NA,0
185,9,0,NA,NA,NA,0
186,11,1,51,NA,NA,0
187,14,0,NA,NA,NA,0
188,20,0,NA,NA,NA,0
189,17,0,NA,NA,NA,0
190,18,3,NA,NA,NA,0
191,15,7,NA,NA,NA,0
192,14,2,NA,NA,NA,0
193,10,5,NA,NA,NA,0
194,5,1,NA,NA,NA,2
195,10,7,NA,NA,NA,0
196,4,1,NA,NA,NA,0
197,4,2,NA,NA,NA,0
198,24,13,NA,NA,NA,0
199,34,19,NA,NA,NA,0
200,29,12,NA,NA,NA,0
201,17,8,NA,NA,NA,0
202,20,9,NA,NA,NA,0
203,9,0,NA,NA,NA,0
204,14,7,NA,NA,NA,0
205,12,4,NA,NA,NA,0
206,9,6,NA,NA,NA,0
207,12,4,NA,NA,NA,0
208,3,3,NA,NA,NA,0
209,15,6,NA,NA,NA,0
210,6,5,NA,NA,NA,0
211,10,6,NA,NA,NA,0
212,3,1,NA,NA,NA,0
213,6,0,NA,NA,NA,4
214,11,5,NA,NA,NA,0
215,7,0,NA,NA,NA,0
216,9,0,NA,NA,NA,2
217,23,11,NA,NA,NA,0
218,16,4,NA,NA,NA,0
219,7,1,NA,NA,NA,0
220,4,3,NA,NA,NA,1
221,5,1,NA,NA,NA,0
222,13,7,NA,NA,NA,0
223,9,6,NA,NA,NA,0
224,10,4,NA,NA,NA,0
225,16,6,NA,NA,NA,0
226,5,0,NA,NA,NA,0
227,11,7,NA,NA,NA,0
228,18,11,NA,NA,NA,0
229,10,3,NA,NA,NA,0
230,7,3,NA,NA,NA,0
231,5,3,NA,NA,NA,0
232,15,8,NA,NA,NA,0
233,10,3,NA,NA,NA,0
234,76,38,NA,NA,NA,0
235,47,26,NA,NA,NA,0
236,57,39,NA,NA,NA,2
237,20,16,NA,NA,NA,3
238,36,6,NA,NA,NA,1
239,28,11,NA,NA,NA,7
240,25,5,NA,NA,NA,2
241,6,2,NA,NA,NA,0
242,10,5,NA,NA,NA,0
243,18,2,NA,NA,NA,3
244,29,3,NA,NA,NA,4
245,0,,NA,NA,NA,
246,35,5,NA,NA,NA,0
247,21,9,NA,NA,NA,0
248,15,3,NA,NA,NA,5
249,47,28,NA,NA,NA,0
250,22,17,NA,NA,NA,0
251,15,10,NA,NA,NA,0
252,13,10,NA,NA,NA,0
253,63,47,NA,NA,NA,0
254,32,15,NA,NA,NA,0
255,13,10,NA,NA,NA,0
256,34,18,NA,NA,NA,0
257,39,5,NA,NA,NA,0
258,23,14,NA,NA,NA,0
259,18,13,NA,NA,NA,0
260,33,11,NA,NA,NA,0
261,45,7,NA,NA,NA,0
262,47,7,NA,NA,NA,0
263,21,9,NA,NA,NA,0
264,6,3,18,45,27,0
265,16,0,NA,NA,NA,0
266,3,0,NA,NA,NA,0
267,14,4,NA,NA,NA,0
268,16,0,NA,NA,NA,0
269,4,0,NA,NA,NA,0
270,11,1,31,NA,NA,0
271,7,0,NA,NA,NA,0
272,1,1,NA,NA,NA,0
273,10,0,NA,NA,NA,0
274,6,4,26,43,35,0
275,12,0,NA,NA,NA,0
276,10,0,NA,NA,NA,0
277,12,0,NA,NA,NA,0
278,15,2,NA,NA,NA,3
279,16,5,48,34,49,0
280,19,6,NA,NA,NA,0
281,20,1,NA,NA,NA,0
282,2,0,NA,NA,NA,0
283,9,3,NA,NA,NA,0
284,24,6,NA,NA,NA,0
285,10,0,NA,NA,NA,0
286,12,5,NA,NA,NA,0
287,3,1,41,NA,NA,0
288,5,1,NA,NA,NA,0
289,18,0,NA,NA,NA,0
290,8,0,NA,NA,NA,0
291,6,0,NA,NA,NA,0
292,12,6,59,29,53,0
293,17,4,NA,NA,NA,0
294,9,0,NA,NA,NA,0
295,6,0,NA,NA,NA,0
296,3,0,NA,NA,NA,0
297,10,0,NA,NA,NA,0
298,9,0,NA,NA,NA,0
299,7,0,NA,NA,NA,0
300,7,2,29,19,NA,0
301,25,3,NA,NA,NA,0
302,38,19,NA,NA,NA,1
303,58,17,NA,NA,NA,0
304,23,3,NA,NA,NA,0
305,41,16,NA,NA,NA,0
306,7,1,NA,NA,NA,0
307,15,7,NA,NA,NA,0
308,42,15,NA,NA,NA,0
309,41,27,NA,NA,NA,0
310,17,11,NA,NA,NA,0
311,8,5,NA,NA,NA,0
312,64,51,NA,NA,NA,0
313,20,13,NA,NA,NA,0
314,38,24,NA,NA,NA,0
315,64,37,NA,NA,NA,0
316,42,27,NA,NA,NA,0
317,96,45,NA,NA,NA,0
318,79,56,NA,NA,NA,0
319,59,37,NA,NA,NA,0
320,33,13,NA,NA,NA,0
321,28,3,NA,NA,NA,0
322,55,12,NA,NA,NA,0
323,54,37,NA,NA,NA,0
324,27,5,NA,NA,NA,0
325,34,25,NA,NA,NA,3
326,103,28,NA,NA,NA,0
327,41,13,NA,NA,NA,0
328,49,31,NA,NA,NA,0
329,26,19,NA,NA,NA,0
330,29,7,NA,NA,NA,0
331,30,22,NA,NA,NA,10
332,53,23,NA,NA,NA,4
333,53,21,NA,NA,NA,3
334,12,8,NA,NA,NA,6
335,34,5,NA,NA,NA,0
336,48,21,NA,NA,NA,2
337,61,9,NA,NA,NA,4
338,54,38,NA,NA,NA,0
339,25,7,NA,NA,NA,1
340,52,3,NA,NA,NA,7
341,62,47,NA,NA,NA,15
342,84,67,NA,NA,NA,0
343,19,3,NA,NA,NA,2
344,5,0,NA,NA,NA,0
345,8,0,NA,NA,NA,0
346,12,0,NA,NA,NA,0
347,10,1,NA,NA,NA,0
348,13,0,NA,NA,NA,0
349,9,0,NA,NA,NA,0
350,12,1,NA,NA,NA,0
351,7,3,31,42,18,0
352,6,4,NA,NA,NA,0
353,13,1,NA,NA,NA,0
354,15,6,41,41,27,0
355,4,1,28,NA,NA,0
356,13,0,NA,NA,NA,0
357,12,1,NA,NA,NA,0
358,2,0,NA,NA,NA,0
359,32,29,NA,NA,NA,2
360,12,3,NA,NA,NA,1
361,30,12,NA,NA,NA,0
362,36,5,NA,NA,NA,1
363,34,18,NA,NA,NA,3
364,23,3,NA,NA,NA,4
365,39,1,NA,NA,NA,7
366,63,12,NA,NA,NA,7
367,37,24,NA,NA,NA,5
368,34,18,NA,NA,NA,6
369,18,1,NA,NA,NA,3
370,22,2,NA,NA,NA,4
371,63,47,NA,NA,NA,0
372,67,31,NA,NA,NA,0
373,36,23,NA,NA,NA,2
374,15,8,NA,NA,NA,5
375,19,8,NA,NA,NA,4
376,10,0,NA,NA,NA,2
377,18,0,NA,NA,NA,0
378,19,10,NA,NA,NA,0
379,41,22,NA,NA,NA,0
380,25,5,NA,NA,NA,14
381,22,0,NA,NA,NA,4
382,36,16,NA,NA,NA,0
383,69,33,NA,NA,NA,0
384,8,7,NA,NA,NA,0
385,31,13,NA,NA,NA,3
386,41,36,NA,NA,NA,0
387,44,36,NA,NA,NA,0
388,33,5,NA,NA,NA,0
389,4,0,NA,NA,NA,0
390,12,8,31,54,22,0
391,14,1,NA,NA,NA,0
392,22,9,NA,NA,NA,0
393,7,3,NA,NA,NA,0
394,9,0,NA,NA,NA,0
395,12,5,NA,NA,NA,0
396,12,3,23,16,32,0
397,5,1,NA,NA,NA,0
398,27,0,NA,NA,NA,0
399,19,0,NA,NA,NA,0
400,19,0,NA,NA,NA,0
401,7,2,54,9,NA,0
402,14,0,NA,NA,NA,0
403,0,,NA,NA,NA,0
404,44,19,NA,NA,NA,0
405,34,29,NA,NA,NA,0
406,24,6,NA,NA,NA,0
407,52,13,NA,NA,NA,0
408,48,13,NA,NA,NA,0
409,63,45,NA,NA,NA,0
410,58,30,NA,NA,NA,0
411,32,24,NA,NA,NA,0
412,66,47,NA,NA,NA,0
413,27,19,NA,NA,NA,0
414,63,51,NA,NA,NA,0
415,72,52,NA,NA,NA,0
416,62,42,NA,NA,NA,0
417,65,47,NA,NA,NA,0
418,44,23,NA,NA,NA,0
419,17,0,NA,NA,NA,0
420,21,0,NA,NA,NA,0
421,14,0,NA,NA,NA,0
422,19,6,32,16,20,0
423,5,1,NA,NA,NA,0
424,14,9,NA,NA,NA,0
425,5,0,NA,NA,NA,0
426,11,1,NA,NA,NA,0
427,8,4,NA,NA,NA,0
428,17,6,28,18,24,4
429,12,0,NA,NA,NA,0
430,7,3,21,20,NA,
431,14,0,NA,NA,NA,2
432,4,2,NA,NA,NA,0
433,13,1,NA,NA,NA,0
434,26,5,32,37,33,0
435,39,0,NA,NA,NA,0
436,9,7,33,31,21,0
437,17,9,NA,NA,NA,0
438,23,2,NA,NA,NA,0
439,21,0,NA,NA,NA,0
440,9,5,NA,NA,NA,0
441,14,0,NA,NA,NA,0
442,13,8,NA,NA,NA,0
443,22,5,NA,NA,NA,0
444,21,0,NA,NA,NA,0
445,9,6,33,53,41,0
446,22,0,NA,NA,NA,0
447,17,0,NA,NA,NA,0
448,14,6,NA,NA,NA,0
449,23,1,NA,NA,NA,0
450,22,1,NA,NA,NA,4
451,14,1,NA,NA,NA,0
452,26,7,44,32,34,0
453,31,0,NA,NA,NA,0
454,24,0,NA,NA,NA,0
455,12,1,NA,NA,NA,0
456,11,5,NA,NA,NA,0
457,7,1,NA,NA,NA,0
458,20,0,NA,NA,NA,0
459,12,6,48,32,51,0
460,25,4,33,25,23,0
461,38,0,NA,NA,NA,0
462,25,2,NA,NA,NA,0
463,50,11,40,36,52,0
464,29,1,NA,NA,NA,3
465,19,2,NA,NA,NA,0
466,6,1,NA,NA,NA,0
467,33,8,NA,NA,NA,0
468,16,9,NA,NA,NA,0
469,27,6,NA,NA,NA,4
470,12,7,NA,NA,NA,3
471,17,8,48,33,8,0
472,42,0,NA,NA,NA,0
473,25,2,NA,NA,NA,0
474,23,4,NA,NA,NA,0
475,8,2,NA,NA,NA,0
476,48,8,36,39,32,0
477,29,0,NA,NA,NA,0
478,2,0,NA,NA,NA,2
479,7,1,NA,NA,NA,0
480,9,0,NA,NA,NA,0
481,12,0,NA,NA,NA,0
482,7,0,NA,NA,NA,0
483,6,1,NA,NA,NA,3
484,7,0,NA,NA,NA,0
485,6,1,20,NA,NA,0
486,9,0,NA,NA,NA,0
487,34,0,NA,NA,NA,0
488,3,2,26,22,NA,0
489,9,0,NA,NA,NA,0
490,8,0,NA,NA,NA,8
491,11,0,NA,NA,NA,11
492,6,0,NA,NA,NA,0
493,2,0,NA,NA,NA,0
494,3,0,NA,NA,NA,3
495,6,0,NA,NA,NA,6
496,2,0,NA,NA,NA,2
497,13,0,NA,NA,NA,13
498,9,0,NA,NA,NA,9
499,14,0,NA,NA,NA,14
500,3,0,NA,NA,NA,0
501,24,2,NA,NA,NA,0
502,6,1,NA,NA,NA,1
503,10,0,NA,NA,NA,0
504,11,0,NA,NA,NA,0
505,12,4,27,31,19,3
506,8,3,33,37,NA,0
507,2,0,NA,NA,NA,2
508,10,5,NA,NA,NA,3
509,3,1,NA,NA,NA,2
510,23,8,30,31,NA,0
511,12,2,NA,NA,NA,0
512,25,5,NA,NA,NA,0
513,16,0,NA,NA,NA,1
514,17,1,NA,NA,NA,2
515,3,0,NA,NA,NA,3
516,15,2,NA,NA,NA,0
517,8,4,5,6,8,2
518,8,0,NA,NA,NA,2
519,5,0,NA,NA,NA,0
520,11,0,NA,NA,NA,2
521,5,1,NA,NA,NA,3
522,8,1,57,NA,NA,3
523,6,0,NA,NA,NA,1
524,5,0,NA,NA,NA,3
525,10,2,NA,NA,NA,1
526,6,0,NA,NA,NA,0
527,7,4,30,35,31,1
528,10,7,NA,NA,NA,1
529,2,0,NA,NA,NA,2
530,7,5,NA,NA,NA,2
531,12,1,NA,NA,NA,0
532,6,1,NA,NA,NA,6
533,4,2,NA,NA,NA,3
534,7,6,32,29,35,2
535,6,0,NA,NA,NA,2
536,13,2,NA,NA,NA,1
537,6,0,NA,NA,NA,3
538,6,0,NA,NA,NA,1
539,8,3,35,47,38,3
540,4,1,NA,NA,NA,3
541,7,4,NA,NA,NA,1
542,9,0,NA,NA,NA,1
543,9,1,NA,NA,NA,4
544,12,5,31,41,27,4
545,6,1,NA,NA,NA,1
546,4,0,NA,NA,NA,3
547,8,4,37,47,NA,2
548,2,1,NA,NA,NA,2
549,14,0,NA,NA,NA,5
550,9,0,NA,NA,NA,1
551,9,0,NA,NA,NA,0
552,7,0,NA,NA,NA,2
553,9,0,NA,NA,NA,2
554,9,0,NA,NA,NA,1
555,8,0,NA,NA,NA,1
556,23,2,30,NA,NA,2
557,7,0,NA,NA,NA,0
558,16,0,NA,NA,NA,0
559,6,0,NA,NA,NA,2
560,16,0,NA,NA,NA,2
561,14,5,44,38,36,4
562,15,9,NA,NA,NA,0
563,16,5,NA,NA,NA,0
564,19,0,NA,NA,NA,0
565,25,4,NA,NA,NA,0
566,15,8,NA,NA,NA,0
567,29,23,NA,NA,NA,0
568,19,7,NA,NA,NA,0
569,2,0,NA,NA,NA,0
570,20,9,NA,NA,NA,0
571,11,1,NA,NA,NA,0
572,15,7,NA,NA,NA,0
573,10,4,NA,NA,NA,0
574,13,10,NA,NA,NA,0
575,13,9,NA,NA,NA,0
576,8,2,NA,NA,NA,0
577,13,2,NA,NA,NA,0
578,6,6,NA,NA,NA,0
579,8,3,NA,NA,NA,0
580,7,4,NA,NA,NA,0
581,8,6,NA,NA,NA,0
582,4,1,NA,NA,NA,0
583,5,4,NA,NA,NA,0
584,16,7,NA,NA,NA,0
585,8,5,NA,NA,NA,0
586,6,2,NA,NA,NA,0
587,8,7,NA,NA,NA,0
588,21,7,NA,NA,NA,0
589,6,4,NA,NA,NA,0
590,5,5,NA,NA,NA,0
591,15,7,NA,NA,NA,0
592,9,7,NA,NA,NA,0
595,8,0,NA,NA,NA,0
596,10,3,21,13,NA,0
599,10,2,NA,NA,NA,2
600,17,10,NA,NA,NA,0
601,4,0,NA,NA,NA,2
602,11,0,NA,NA,NA,1
603,11,0,NA,NA,NA,1
604,16,0,NA,NA,NA,0
605,19,0,NA,NA,NA,0
606,15,6,37,44,36,2
607,5,3,NA,NA,NA,0
608,23,0,NA,NA,NA,0
609,11,0,NA,NA,NA,2
610,15,4,63,45,28,0
611,12,2,NA,NA,NA,1
612,1,0,NA,NA,NA,0
613,11,6,51,33,NA,3
614,7,0,NA,NA,NA,1
615,36,0,NA,NA,NA,2
616,6,0,NA,NA,NA,1
617,3,0,NA,NA,NA,1
618,2,0,NA,NA,NA,2
619,35,0,NA,NA,NA,2
620,5,0,NA,NA,NA,0
621,13,0,NA,NA,NA,2
622,5,1,30,NA,NA,1
623,2,1,NA,NA,NA,0
624,5,1,NA,NA,NA,2
625,7,0,NA,NA,NA,2
626,12,5,43,16,33,2
627,5,0,NA,NA,NA,0
628,8,1,35,NA,NA,2
629,13,2,NA,NA,NA,0
630,12,0,NA,NA,NA,4
631,11,6,38,42,27,2
632,5,0,NA,NA,NA,2
633,18,0,NA,NA,NA,2
634,10,0,NA,NA,NA,1
635,8,4,NA,NA,NA,4
636,11,0,NA,NA,NA,4
637,17,0,NA,NA,NA,2
638,9,0,NA,NA,NA,2
639,7,0,NA,NA,NA,2
640,8,1,NA,NA,NA,3
641,13,3,NA,NA,NA,2
642,15,0,NA,NA,NA,3
643,23,4,59,44,NA,2
644,7,0,NA,NA,NA,2
645,25,19,NA,NA,NA,0
646,15,9,NA,NA,NA,1
647,24,13,NA,NA,NA,0
648,20,10,NA,NA,NA,0
649,20,4,NA,NA,NA,0
650,30,13,NA,NA,NA,0
651,13,7,NA,NA,NA,0
652,26,12,NA,NA,NA,0
653,19,8,NA,NA,NA,0
654,30,16,NA,NA,NA,0
655,25,5,NA,NA,NA,0
656,29,14,NA,NA,NA,0
657,28,16,NA,NA,NA,0
658,26,11,NA,NA,NA,0
659,15,11,NA,NA,NA,0
660,29,7,NA,NA,NA,8
661,21,4,NA,NA,NA,12
662,12,2,NA,NA,NA,2
663,16,7,NA,NA,NA,4
664,10,5,NA,NA,NA,3
665,24,4,NA,NA,NA,4
666,11,7,NA,NA,NA,0
667,6,6,NA,NA,NA,2
668,19,2,NA,NA,NA,3
669,23,8,NA,NA,NA,2
670,16,6,NA,NA,NA,4
671,9,5,NA,NA,NA,0
672,13,6,NA,NA,NA,1
673,18,12,NA,NA,NA,1
674,25,7,NA,NA,NA,0
675,6,4,NA,NA,NA,1
676,9,1,NA,NA,NA,5
677,9,6,NA,NA,NA,0
678,21,5,NA,NA,NA,0
679,5,2,NA,NA,NA,1
680,15,3,NA,NA,NA,9
681,15,13,NA,NA,NA,1
682,14,12,NA,NA,NA,0
683,10,6,NA,NA,NA,3
684,6,5,NA,NA,NA,1
685,8,2,NA,NA,NA,1
686,10,2,NA,NA,NA,0
687,22,4,NA,NA,NA,10
688,24,8,NA,NA,NA,3
689,21,10,NA,NA,NA,6
690,14,7,NA,NA,NA,3
691,15,12,NA,NA,NA,0
692,15,5,NA,NA,NA,8
693,25,14,NA,NA,NA,2
694,13,5,NA,NA,NA,1
695,17,14,NA,NA,NA,1
696,4,3,NA,NA,NA,1
697,32,24,NA,NA,NA,2
698,11,6,NA,NA,NA,0
699,5,5,NA,NA,NA,0
700,38,27,NA,NA,NA,0
701,22,20,NA,NA,NA,0
702,10,7,NA,NA,NA,0
703,21,14,NA,NA,NA,0
704,16,8,NA,NA,NA,0
705,18,6,NA,NA,NA,0
706,12,5,NA,NA,NA,0
707,21,15,NA,NA,NA,0
708,10,7,NA,NA,NA,0
709,21,9,NA,NA,NA,0
710,26,2,NA,NA,NA,0
711,10,4,NA,NA,NA,0
712,24,6,NA,NA,NA,0
713,10,8,NA,NA,NA,0
714,13,7,NA,NA,NA,0
715,30,10,NA,NA,NA,0
716,7,0,NA,NA,NA,7
717,8,3,NA,NA,NA,0
718,21,1,NA,NA,NA,19
719,28,10,NA,NA,NA,0
720,19,3,NA,NA,NA,15
721,19,6,NA,NA,NA,0
722,3,1,NA,NA,NA,0
723,6,3,NA,NA,NA,0
724,7,7,NA,NA,NA,0
725,3,1,NA,NA,NA,2
726,22,7,NA,NA,NA,15
727,12,7,NA,NA,NA,0
728,9,5,NA,NA,NA,3
729,3,0,NA,NA,NA,0
730,25,20,NA,NA,NA,0
731,8,0,NA,NA,NA,8
731,3,0,NA,NA,NA,4
732,7,0,NA,NA,NA,7
733,2,0,NA,NA,NA,2
734,11,,NA,NA,NA,11
735,6,3,NA,NA,NA,0
736,7,4,NA,NA,NA,7
737,9,1,NA,NA,NA,8
738,4,1,NA,NA,NA,2
739,14,4,NA,NA,NA,14
740,13,1,NA,NA,NA,13
741,12,0,NA,NA,NA,7
742,6,0,NA,NA,NA,5
743,9,0,NA,NA,NA,5
744,11,0,NA,NA,NA,2
745,10,1,NA,NA,NA,9
746,1,0,NA,NA,NA,0
747,13,0,NA,NA,NA,13
748,1,0,NA,NA,NA,1
749,4,0,NA,NA,NA,1
750,5,1,NA,NA,NA,5
751,4,0,NA,NA,NA,4
752,16,3,NA,NA,NA,16
753,2,0,NA,NA,NA,0
754,8,7,NA,NA,NA,0
755,1,1,NA,NA,NA,0
756,1,0,NA,NA,NA,0
757,2,2,NA,NA,NA,0
758,4,2,NA,NA,NA,0
759,7,2,NA,NA,NA,0
760,6,2,NA,NA,NA,0
761,6,1,NA,NA,NA,0
762,1,0,NA,NA,NA,0
763,6,6,NA,NA,NA,0
764,4,1,NA,NA,NA,0
765,3,2,NA,NA,NA,0
766,4,3,NA,NA,NA,0
767,4,1,NA,NA,NA,4
768,5,3,NA,NA,NA,5
769,4,0,NA,NA,NA,0
770,1,0,NA,NA,NA,1
771,2,,NA,NA,NA,2
772,11,0,NA,NA,NA,11
773,7,1,NA,NA,NA,6
774,2,1,NA,NA,NA,0
775,16,2,NA,NA,NA,0
776,1,1,NA,NA,NA,0
777,8,5,NA,NA,NA,0
778,8,8,NA,NA,NA,0
779,10,5,NA,NA,NA,0
780,3,0,NA,NA,NA,0
781,1,0,NA,NA,NA,1
782,7,1,NA,NA,NA,6
783,1,0,NA,NA,NA,0
784,5,0,NA,NA,NA,5
785,11,0,NA,NA,NA,11
786,2,0,NA,NA,NA,0
787,7,0,NA,NA,NA,7
788,14,0,NA,NA,NA,14
789,9,0,NA,NA,NA,0
790,6,0,NA,NA,NA,0
791,12,0,NA,NA,NA,0
792,6,0,NA,NA,NA,0
793,5,0,NA,NA,NA,0
794,9,0,NA,NA,NA,0
795,18,0,NA,NA,NA,0
796,6,0,NA,NA,NA,0
797,5,0,NA,NA,NA,0
798,2,0,NA,NA,NA,0
799,4,0,NA,NA,NA,0
801,13,0,NA,NA,NA,0
802,2,1,24,NA,NA,0
803,10,0,NA,NA,NA,0
804,2,0,NA,NA,NA,0
805,2,0,NA,NA,NA,0
806,7,0,NA,NA,NA,0
807,4,0,NA,NA,NA,0
808,5,0,NA,NA,NA,0
809,9,0,NA,NA,NA,0
810,7,0,NA,NA,NA,0
811,18,15,NA,NA,NA,0
812,9,8,NA,NA,NA,0
813,12,11,NA,NA,NA,0
814,3,0,NA,NA,NA,0
815,14,5,NA,NA,NA,0
816,22,11,NA,NA,NA,0
817,30,10,NA,NA,NA,0
818,19,15,NA,NA,NA,0
819,44,19,NA,NA,NA,0
820,36,20,NA,NA,NA,0
821,24,14,NA,NA,NA,0
822,23,13,NA,NA,NA,0
823,27,9,NA,NA,NA,0
824,16,6,NA,NA,NA,0
825,25,12,NA,NA,NA,0
826,9,6,NA,NA,NA,0
827,17,12,NA,NA,NA,0
828,23,10,NA,NA,NA,0
829,13,11,NA,NA,NA,0
830,24,8,NA,NA,NA,0
831,22,16,NA,NA,NA,0
832,32,12,NA,NA,NA,0
833,6,4,NA,NA,NA,0
834,9,2,NA,NA,NA,1
835,24,3,NA,NA,NA,0
836,17,8,NA,NA,NA,0
837,32,9,NA,NA,NA,0
838,18,5,NA,NA,NA,0
839,15,4,NA,NA,NA,0
840,24,14,NA,NA,NA,0
841,8,0,NA,NA,NA,0
842,11,5,NA,NA,NA,0
843,37,17,NA,NA,NA,0
844,39,8,NA,NA,NA,0
845,35,10,NA,NA,NA,0
846,27,8,NA,NA,NA,0
847,36,18,NA,NA,NA,0
848,31,12,NA,NA,NA,0
849,18,6,NA,NA,NA,0
850,10,2,NA,NA,NA,0
851,31,21,NA,NA,NA,0
852,40,10,NA,NA,NA,0
853,20,10,NA,NA,NA,0
854,18,14,NA,NA,NA,0
855,21,4,NA,NA,NA,0
856,1,0,NA,NA,NA,0
857,23,14,NA,NA,NA,0
858,1,1,NA,NA,NA,0
859,9,6,NA,NA,NA,0
860,9,5,NA,NA,NA,0
861,0,0,NA,NA,NA,
862,18,6,NA,NA,NA,0
863,8,0,NA,NA,NA,0
864,22,10,NA,NA,NA,0
865,13,6,NA,NA,NA,0
866,13,9,NA,NA,NA,0
867,25,13,NA,NA,NA,0
868,24,5,NA,NA,NA,0
869,25,16,NA,NA,NA,0
870,12,4,NA,NA,NA,0
871,13,0,NA,NA,NA,0
872,13,0,NA,NA,NA,1
873,24,3,29,29,29,0
874,35,0,NA,NA,NA,0
875,17,0,NA,NA,NA,0
876,22,0,NA,NA,NA,5
877,24,2,NA,NA,NA,0
878,23,0,NA,NA,NA,0
879,15,0,NA,NA,NA,0
880,10,0,NA,NA,NA,2
881,15,4,22,16,22,0
882,29,0,NA,NA,NA,0
883,11,0,NA,NA,NA,1
884,12,1,22,NA,NA,0
885,6,1,NA,NA,NA,0
886,8,0,NA,NA,NA,0
887,17,0,NA,NA,NA,1
888,7,1,NA,NA,NA,1
889,18,2,28,15,NA,0
890,25,1,NA,NA,NA,0
891,11,0,NA,NA,NA,0
892,11,0,NA,NA,NA,0
893,23,4,33,29,32,0
894,16,3,NA,NA,NA,0
895,28,0,NA,NA,NA,0
896,17,4,12,9,13,4
897,24,1,NA,NA,NA,0
898,23,0,NA,NA,NA,0
899,16,0,NA,NA,NA,0
900,35,1,NA,NA,NA,0
901,25,12,NA,NA,NA,1
902,15,5,NA,NA,NA,0
903,11,7,NA,NA,NA,0
904,34,12,NA,NA,NA,0
905,31,15,NA,NA,NA,0
906,24,6,NA,NA,NA,0
907,18,11,NA,NA,NA,2
908,25,18,NA,NA,NA,0
909,19,7,NA,NA,NA,0
910,18,13,NA,NA,NA,0
911,25,8,NA,NA,NA,0
912,13,7,NA,NA,NA,0
913,25,15,NA,NA,NA,1
914,42,17,NA,NA,NA,1
915,17,7,NA,NA,NA,2
916,20,6,NA,NA,NA,0
917,17,11,NA,NA,NA,0
918,13,9,NA,NA,NA,1
919,27,9,NA,NA,NA,0
920,13,9,NA,NA,NA,0
921,12,11,NA,NA,NA,0
922,24,10,NA,NA,NA,0
923,22,8,NA,NA,NA,0
924,24,17,NA,NA,NA,0
925,8,4,NA,NA,NA,2
926,17,4,NA,NA,NA,0
927,12,3,NA,NA,NA,0
928,9,7,NA,NA,NA,0
929,21,19,NA,NA,NA,1
930,21,10,NA,NA,NA,0
931,15,13,NA,NA,NA,0
932,16,4,NA,NA,NA,0
933,42,22,NA,NA,NA,0
934,34,19,NA,NA,NA,0
935,15,10,NA,NA,NA,0
936,10,3,NA,NA,NA,0
937,17,11,NA,NA,NA,0
938,40,32,NA,NA,NA,0
939,17,6,NA,NA,NA,0
940,23,9,NA,NA,NA,0
941,27,9,NA,NA,NA,0
942,30,8,NA,NA,NA,0
943,16,7,NA,NA,NA,0
944,21,5,NA,NA,NA,0
945,33,11,NA,NA,NA,0
946,45,24,NA,NA,NA,2
947,51,34,NA,NA,NA,6
948,26,14,NA,NA,NA,0
949,22,14,NA,NA,NA,0
950,47,20,NA,NA,NA,3
951,78,36,NA,NA,NA,0
952,35,19,NA,NA,NA,0
953,37,14,NA,NA,NA,0
954,52,29,NA,NA,NA,0
955,42,23,NA,NA,NA,0
956,23,19,NA,NA,NA,2
957,24,20,NA,NA,NA,0
958,25,16,NA,NA,NA,2
959,21,19,NA,NA,NA,2
960,24,15,NA,NA,NA,3
961,21,1,NA,NA,NA,0
962,16,2,11,15,NA,1
963,22,0,NA,NA,NA,0
964,29,0,NA,NA,NA,0
965,24,3,3,17,NA,0
966,24,0,NA,NA,NA,0
967,22,0,NA,NA,NA,0
968,15,0,NA,NA,NA,0
969,6,0,NA,NA,NA,0
970,20,0,NA,NA,NA,0
971,9,3,17,14,19,1
972,11,1,NA,NA,NA,0
973,21,0,NA,NA,NA,2
974,28,0,NA,NA,NA,0
975,13,0,NA,NA,NA,0
976,13,0,NA,NA,NA,4
977,10,1,30,NA,NA,2
978,8,0,NA,NA,NA,1
979,15,0,NA,NA,NA,0
980,8,6,NA,NA,NA,6
981,19,1,NA,NA,NA,0
982,5,0,NA,NA,NA,1
983,10,1,20,NA,NA,0
984,9,0,NA,NA,NA,1
985,19,0,NA,NA,NA,0
986,15,0,NA,NA,NA,1
987,9,5,19,22,15,1
988,10,1,25,NA,NA,2
989,22,1,NA,NA,NA,0
990,13,4,NA,NA,NA,4
991,10,0,NA,NA,NA,5
992,11,0,NA,NA,NA,3
993,8,1,10,NA,NA,2
994,14,0,NA,NA,NA,6
995,4,0,NA,NA,NA,3
996,9,0,NA,NA,NA,9
997,11,0,NA,NA,NA,11
998,4,0,NA,NA,NA,1
999,8,0,NA,NA,NA,6
2001,9,0,NA,NA,NA,9
2002,10,0,NA,NA,NA,9
2003,9,0,NA,NA,NA,7
2004,7,1,8,NA,NA,7
2005,14,0,NA,NA,NA,11
2006,12,0,NA,NA,NA,0
2007,7,0,NA,NA,NA,0
2008,5,0,NA,NA,NA,0
2009,13,0,NA,NA,NA,0
2010,5,0,NA,NA,NA,0
2011,17,0,NA,NA,NA,0
2012,16,0,NA,NA,NA,1
2013,16,2,15,19,NA,0
2014,18,0,NA,NA,NA,0
2015,5,2,17,12,NA,0
2016,10,6,NA,NA,NA,0
2017,11,0,NA,NA,NA,0
2018,23,1,NA,NA,NA,0
2019,9,3,23,24,26,0
2020,12,0,NA,NA,NA,0
2021,4,0,NA,NA,NA,4
2022,2,2,NA,NA,NA,1
2023,1,0,NA,NA,NA,1
2024,2,0,NA,NA,NA,2
2025,3,3,11,15,11,3
2026,3,0,NA,NA,NA,2
2027,1,0,NA,NA,NA,1
2028,4,0,NA,NA,NA,4
2029,3,0,NA,NA,NA,3
2030,3,0,NA,NA,NA,3
2031,6,0,NA,NA,NA,6
2032,3,0,NA,NA,NA,3
2033,1,0,NA,NA,NA,1
2034,3,3,10,11,9,0
2035,9,6,NA,NA,NA,0
2036,2,1,15,NA,NA,1
2037,1,1,NA,NA,NA,0
2038,2,1,26,NA,NA,0
2039,2,1,NA,NA,NA,1
2040,1,0,NA,NA,NA,0
2041,23,0,NA,NA,NA,27
2042,2,0,NA,NA,NA,0
2043,1,1,NA,NA,NA,0
2044,11,0,NA,NA,NA,9
2045,4,0,NA,NA,NA,1
2046,3,0,NA,NA,NA,1
2047,1,1,NA,NA,NA,0
2048,3,0,NA,NA,NA,3
2049,11,0,NA,NA,NA,0
2050,4,0,NA,NA,NA,3
2051,0,,NA,NA,NA,
2052,3,0,NA,NA,NA,1
2053,2,0,NA,NA,NA,1
2054,4,0,NA,NA,NA,3
2055,2,0,NA,NA,NA,0
2056,7,0,NA,NA,NA,2
2057,0,,NA,NA,NA,
2058,1,0,NA,NA,NA,0
2059,0,,NA,NA,NA,
2060,4,0,NA,NA,NA,2
2061,2,0,NA,NA,NA,0
2062,3,0,NA,NA,NA,2
2063,7,0,NA,NA,NA,3
2064,4,0,NA,NA,NA,5
2065,3,3,15,11,13,0
2066,4,4,NA,NA,NA,0
2067,4,0,NA,NA,NA,0
2068,4,2,NA,NA,NA,1
2069,1,1,NA,NA,NA,1
2070,1,1,36,NA,NA,1
2071,3,2,NA,NA,NA,3
2072,4,1,25,NA,NA,2
2073,6,1,NA,NA,NA,1
2074,5,0,NA,NA,NA,3
2075,4,1,NA,NA,NA,1
2076,2,0,NA,NA,NA,2
2077,4,0,NA,NA,NA,1
2078,3,0,NA,NA,NA,0
2079,6,2,NA,NA,NA,0
2080,9,0,NA,NA,NA,10
2081,1,1,21,NA,NA,3
2082,7,0,NA,NA,NA,1
2083,2,2,NA,NA,NA,6
2084,3,3,19,15,9,5
2085,1,1,NA,NA,NA,0
2086,1,0,NA,NA,NA,0
2087,2,0,NA,NA,NA,3
2088,2,2,15,20,NA,1
2089,2,2,NA,NA,NA,2
2090,7,4,NA,NA,NA,8
2091,3,1,NA,NA,NA,0
2092,11,0,NA,NA,NA,0
2093,4,2,13,15,NA,3
2094,3,3,24,26,12,2
2095,14,0,NA,NA,NA,9
2096,6,0,NA,NA,NA,2
2097,1,1,18,NA,NA,0
2098,2,0,NA,NA,NA,0
2099,2,0,NA,NA,NA,0
2100,3,0,NA,NA,NA,7
2101,2,0,NA,NA,NA,0
2102,1,1,50,NA,NA,1
2103,5,0,NA,NA,NA,0
2104,2,1,NA,NA,NA,0
2105,7,2,NA,NA,NA,0
2106,13,0,NA,NA,NA,0
2107,4,1,NA,NA,NA,0
2108,1,1,NA,NA,NA,0
2109,1,1,NA,NA,NA,0
2110,8,2,NA,NA,NA,0
2111,4,4,17,21,19,0
2112,3,0,NA,NA,NA,0
2113,2,2,16,16,NA,0
2114,4,1,NA,NA,NA,0
2115,1,1,NA,NA,NA,0
2116,2,1,NA,NA,NA,0
2117,3,2,NA,NA,NA,0
2118,3,3,28,33,29,0
2119,3,0,NA,NA,NA,0
2120,11,0,NA,NA,NA,0
2121,2,1,27,NA,NA,0
2122,1,1,NA,NA,NA,0
2123,12,0,NA,NA,NA,0
2124,2,1,NA,NA,NA,0
2125,15,0,NA,NA,NA,0
2126,5,4,NA,NA,NA,0
2127,2,1,NA,NA,NA,0
2128,4,3,15,20,NA,0
2129,3,3,NA,NA,NA,0
2130,6,5,NA,NA,NA,0
2131,7,0,NA,NA,NA,0
2132,2,2,15,21,NA,0
2133,3,1,NA,NA,NA,0
2134,2,1,NA,NA,NA,1
2135,7,1,NA,NA,NA,1
2136,3,2,25,27,NA,0
2137,4,2,NA,NA,NA,0
2138,2,0,NA,NA,NA,2
2139,2,0,NA,NA,NA,0
2140,5,5,NA,NA,NA,0
2141,1,1,31,NA,NA,0
2142,3,0,NA,NA,NA,0
2143,17,0,NA,NA,NA,0
2144,8,0,NA,NA,NA,0
2145,4,3,NA,NA,NA,1
2146,9,1,NA,NA,NA,1
2147,8,0,NA,NA,NA,0
2148,4,2,15,19,NA,0
2149,5,0,NA,NA,NA,0
2150,5,0,NA,NA,NA,1
2151,2,2,16,18,NA,1
2152,3,2,NA,NA,NA,0
2153,2,2,NA,NA,NA,0
2154,12,0,NA,NA,NA,0
2155,2,2,35,37,NA,2
2156,3,1,NA,NA,NA,0
2157,3,3,NA,NA,NA,0
2158,3,0,NA,NA,NA,0
2159,6,0,NA,NA,NA,1
2160,2,1,NA,NA,NA,1
2161,17,1,NA,NA,NA,0
2162,25,5,42,NA,NA,0
2163,6,0,NA,NA,NA,0
2164,18,6,NA,NA,NA,0
2165,6,0,38,46,NA,0
2166,10,4,38,43,NA,0
2167,1,0,NA,NA,NA,0
2168,18,0,NA,NA,NA,3
2169,7,1,NA,NA,NA,1
2170,11,6,27,41,NA,1
2171,8,0,NA,NA,NA,0
2172,6,3,10,NA,NA,0
2173,11,4,41,NA,NA,0
2174,17,0,NA,NA,NA,0
2175,7,0,NA,NA,NA,1
2176,5,3,13,15,11,0
2177,1,1,NA,NA,NA,0
2178,3,2,NA,NA,NA,0
2179,2,2,NA,NA,NA,0
2180,2,0,NA,NA,NA,0
2181,3,0,NA,NA,NA,1
2182,3,2,15,15,NA,
2183,5,2,NA,NA,NA,0
2184,1,0,NA,NA,NA,1
2185,3,2,15,21,NA,0
2186,2,2,NA,NA,NA,2
2187,1,1,NA,NA,NA,1
2188,6,0,NA,NA,NA,0
2189,1,0,NA,NA,NA,0
2190,2,2,NA,NA,NA,1
2191,4,0,NA,NA,NA,4
2192,3,0,NA,NA,NA,3
2193,2,0,NA,NA,NA,0
2194,4,0,NA,NA,NA,4
2195,4,0,NA,NA,NA,3
2196,1,0,NA,NA,NA,1
2197,3,0,NA,NA,NA,3
2198,4,0,NA,NA,NA,4
2199,4,0,NA,NA,NA,4
2200,2,0,NA,NA,NA,1
2201,8,2,NA,NA,NA,0
2202,8,0,NA,NA,NA,1
2203,5,3,25,17,17,1
2204,13,2,NA,NA,NA,1
2205,5,1,NA,NA,NA,1
2206,7,3,19,17,19,1
2207,8,2,NA,NA,NA,2
2208,2,0,NA,NA,NA,0
2209,3,2,21,15,NA,0
2210,3,0,NA,NA,NA,0
2211,5,3,NA,NA,NA,0
2212,12,4,NA,NA,NA,4
2213,8,1,NA,NA,NA,1
2214,2,2,NA,NA,NA,0
2215,4,2,NA,NA,NA,1
2216,4,2,NA,NA,NA,0
2217,3,3,NA,NA,NA,1
2218,2,1,NA,NA,NA,0
2219,3,1,NA,NA,NA,0
2220,4,3,19,19,13,1
2221,5,1,NA,NA,NA,0
2222,4,2,NA,NA,NA,0
2223,5,2,19,15,NA,
2224,10,0,NA,NA,NA,0
2225,4,2,15,14,NA,0
2226,2,2,NA,NA,NA,0
2227,2,0,NA,NA,NA,0
2228,1,0,NA,NA,NA,0
2229,2,1,NA,NA,NA,0
2230,12,0,NA,NA,NA,2
2231,3,2,NA,NA,NA,1
2232,3,0,NA,NA,NA,0
2233,0,0,NA,NA,NA,0
2234,6,5,16,17,13,2
2235,10,0,NA,NA,NA,0
2236,0,0,NA,NA,NA,0
2237,5,4,NA,NA,NA,0
2238,1,1,22,NA,NA,1
2239,9,0,NA,NA,NA,2
2240,2,1,NA,NA,NA,0
2241,2,1,21,NA,NA,0
2242,5,0,NA,NA,NA,0
2243,2,1,NA,NA,NA,0
2244,2,1,NA,NA,NA,0
2245,7,6,19,13,13,0
2246,2,1,NA,NA,NA,0
2247,1,0,NA,NA,NA,0
2248,3,3,15,14,11,0
2249,4,0,NA,NA,NA,0
2250,3,0,NA,NA,NA,0
2251,2,2,NA,NA,NA,0
2252,2,1,NA,NA,NA,0
2253,1,1,NA,NA,NA,0
2254,2,2,11,17,NA,0
2255,7,0,NA,NA,NA,0
2256,2,0,NA,NA,NA,1
2257,2,0,NA,NA,NA,1
2258,1,0,NA,NA,NA,0
2259,3,0,NA,NA,NA,0
2260,3,1,26,NA,NA,0
2261,2,0,NA,NA,NA,0
2262,4,0,NA,NA,NA,1
2263,3,0,NA,NA,NA,0
2264,10,0,NA,NA,NA,1
2265,5,0,NA,NA,NA,0
2266,5,0,NA,NA,NA,2
2267,2,2,13,15,NA,0
2268,2,0,NA,NA,NA,2
2269,5,0,NA,NA,NA,0
2270,3,1,34,NA,NA,0
2271,3,2,NA,NA,NA,0
2272,2,2,NA,NA,NA,0
2273,11,0,NA,NA,NA,1
2274,4,0,NA,NA,NA,0
2275,3,0,NA,NA,NA,0
2276,3,2,19,NA,NA,1
2277,9,0,NA,NA,NA,2
2278,2,1,37,NA,NA,0
2279,1,1,NA,NA,NA,0
2280,11,2,NA,NA,NA,0
2281,1,1,NA,NA,NA,0
2282,10,0,NA,NA,NA,1
2283,6,0,NA,NA,NA,0
2301,6,0,NA,NA,NA,1
2302,7,3,17,15,19,3
2303,3,0,NA,NA,NA,1
2304,3,3,NA,NA,NA,0
2305,5,2,25,29,NA,0
2306,3,3,NA,NA,NA,1
2307,6,1,NA,NA,NA,2
2308,7,6,NA,NA,NA,3
2309,4,3,21,17,21,1
2310,11,2,NA,NA,NA,3
2311,3,0,NA,NA,NA,3
2312,1,1,NA,NA,NA,1
2313,4,2,NA,NA,NA,2
2314,4,0,NA,NA,NA,2
2315,4,1,NA,NA,NA,3
2316,4,0,NA,NA,NA,2
2317,2,0,NA,NA,NA,2
2318,1,0,NA,NA,NA,0
2319,6,0,NA,NA,NA,0
2320,2,1,24,NA,NA,3
2321,1,0,NA,NA,NA,1
2322,2,0,NA,NA,NA,2
2323,2,0,NA,NA,NA,1
2324,1,0,NA,NA,NA,0
2325,3,0,NA,NA,NA,1
2326,3,3,23,24,9,1
2327,3,0,NA,NA,NA,0
2328,3,2,19,19,NA,1
2329,2,0,NA,NA,NA,2
2330,2,0,NA,NA,NA,2
2331,3,0,NA,NA,NA,3
2332,3,0,NA,NA,NA,3
2333,3,0,NA,NA,NA,3
2334,2,1,NA,NA,NA,2
2335,1,0,NA,NA,NA,1
2336,1,1,9,NA,NA,1
2337,2,0,NA,NA,NA,2
2338,4,2,13,9,NA,3
2339,3,0,NA,NA,NA,3
2340,4,0,NA,NA,NA,4
2341,2,1,NA,NA,NA,2
2342,4,0,NA,NA,NA,4
2343,2,1,26,NA,NA,0
2344,3,1,15,NA,NA,2
2345,3,2,11,17,NA,1
2346,2,0,NA,NA,NA,2
2347,1,1,25,NA,NA,1
2348,2,1,20,NA,NA,0
2349,2,0,NA,NA,NA,0
2350,2,1,18,NA,NA,0
2351,1,0,NA,NA,NA,0
2352,4,0,NA,NA,NA,0
2353,1,0,NA,NA,NA,0
2354,3,0,NA,NA,NA,0
2355,2,1,14,NA,NA,0
2356,3,3,12,14,14,0
2357,3,0,NA,NA,NA,0
2358,3,1,14,NA,NA,0
2359,4,0,NA,NA,NA,0
2360,6,3,NA,NA,NA,0
2361,3,0,NA,NA,NA,0
2362,2,1,20,NA,NA,0
2363,1,0,NA,NA,NA,0
2364,1,1,16,NA,NA,0
2365,2,2,17,17,NA,2
2366,2,0,NA,NA,NA,0
2367,2,0,NA,NA,NA,0
2368,4,0,NA,NA,NA,4
2369,5,3,NA,NA,NA,3
2370,5,5,NA,NA,NA,1
2371,1,0,NA,NA,NA,0
2401,4,0,NA,NA,NA,4
2402,4,0,NA,NA,NA,2
2403,3,1,15,NA,NA,3
2404,3,3,27,17,13,3
2405,3,2,NA,NA,NA,2
2406,6,2,NA,NA,NA,3
2407,6,0,NA,NA,NA,6
2408,6,4,NA,NA,NA,6
2409,8,0,NA,NA,NA,8
2410,3,1,NA,NA,NA,3
2411,3,1,15,NA,NA,2
2412,4,0,NA,NA,NA,3
2413,2,0,NA,NA,NA,2
2414,7,1,NA,NA,NA,7
2415,12,0,NA,NA,NA,8
2416,20,0,NA,NA,NA,6
2417,19,0,NA,NA,NA,11
2418,5,3,15,NA,NA,5
2419,19,3,15,15,11,12
2420,26,0,NA,NA,NA,15
2421,7,3,NA,NA,NA,7
2422,30,0,NA,NA,NA,17
2423,23,0,NA,NA,NA,7
2424,7,4,23,19,17,2
2425,6,2,NA,NA,NA,6
2426,10,3,NA,NA,NA,10
2427,5,3,NA,NA,NA,4
2428,10,0,NA,NA,NA,6
2429,2,2,NA,NA,NA,2
2430,28,0,NA,NA,NA,20
2431,29,0,NA,NA,NA,8
2432,9,2,NA,NA,NA,9
2433,3,2,23,35,NA,1
2434,45,0,NA,NA,NA,27
2435,5,2,NA,NA,NA,5
2436,18,1,NA,NA,NA,6
2437,11,2,23,NA,NA,5
2438,29,0,NA,NA,NA,29
2439,49,0,NA,NA,NA,27
2440,6,6,17,23,19,6
2441,15,6,NA,NA,NA,9
2442,16,9,NA,NA,NA,7
2443,9,7,NA,NA,NA,8
2444,2,2,NA,NA,NA,2
2445,10,1,NA,NA,NA,10
2446,7,0,NA,NA,NA,7
2447,7,0,NA,NA,NA,7
2448,28,0,NA,NA,NA,14
2449,5,1,NA,NA,NA,5
2450,11,0,NA,NA,NA,9
2451,5,2,NA,NA,NA,4
2452,9,2,NA,NA,NA,9
2453,15,0,NA,NA,NA,15
2454,5,1,NA,NA,NA,5
2455,4,0,NA,NA,NA,4
2456,3,3,23,13,7,3
2457,3,1,NA,NA,NA,3
2458,4,2,NA,NA,NA,4
2459,3,2,17,NA,NA,3
2501,7,0,NA,NA,NA,7
2502,4,2,19,17,NA,4
2503,3,0,NA,NA,NA,3
2504,3,0,NA,NA,NA,3
2505,3,0,NA,NA,NA,3
2506,1,1,21,NA,NA,0
2507,3,3,NA,NA,NA,0
2508,7,0,NA,NA,NA,0
2509,2,1,NA,NA,NA,0
2510,4,3,15,15,19,3
2511,3,2,NA,NA,NA,1
2512,1,1,33,NA,NA,1
2513,1,1,NA,NA,NA,1
2514,4,0,NA,NA,NA,2
2515,7,0,NA,NA,NA,0
2516,3,2,NA,NA,NA,1
2517,1,1,NA,NA,NA,0
2518,8,0,NA,NA,NA,2
2519,11,0,NA,NA,NA,2
2520,4,3,NA,NA,NA,2
2521,3,0,NA,NA,NA,0
2522,3,1,7,NA,NA,3
2523,4,3,11,7,13,4
2524,6,0,NA,NA,NA,6
2525,8,0,NA,NA,NA,8
2526,7,1,NA,NA,NA,6
2527,2,0,NA,NA,NA,2
2528,1,1,NA,NA,NA,1
2529,6,0,NA,NA,NA,5
2530,3,0,NA,NA,NA,0
2531,17,0,NA,NA,NA,4
2532,3,1,19,NA,NA,3
2533,14,0,NA,NA,NA,11
2534,4,0,NA,NA,NA,3
2535,6,0,NA,NA,NA,6
2536,1,0,NA,NA,NA,1
2537,5,0,NA,NA,NA,1
2538,1,0,NA,NA,NA,0
2539,3,0,NA,NA,NA,3
2540,1,0,NA,NA,NA,1
2541,1,0,NA,NA,NA,0
2542,2,0,NA,NA,NA,0
2543,3,0,NA,NA,NA,0
2544,1,1,NA,NA,NA,0
2545,3,2,14,7,NA,0
2546,3,3,NA,NA,NA,0
2547,7,0,NA,NA,NA,5
2548,2,2,22,16,NA,0
2549,12,0,NA,NA,NA,0
2550,6,4,NA,NA,NA,0
2551,3,3,NA,NA,NA,0
2552,1,1,NA,NA,NA,0
2553,4,0,NA,NA,NA,0
2554,1,1,NA,NA,NA,0
2555,2,2,16,18,NA,0
2556,3,0,NA,NA,NA,0
2557,4,4,NA,NA,NA,0
2558,4,0,NA,NA,NA,1
2559,2,2,20,23,NA,0
2560,4,0,NA,NA,NA,0
2561,4,0,NA,NA,NA,0
2562,1,1,NA,NA,NA,0
2563,3,2,NA,NA,NA,0
2564,6,0,NA,NA,NA,1
2565,4,0,NA,NA,NA,0
2566,3,0,NA,NA,NA,2
2567,3,0,NA,NA,NA,5
2568,2,1,6,NA,NA,0
2569,2,2,NA,NA,NA,0
2570,2,1,9,NA,NA,0
2571,2,0,NA,NA,NA,0
2577,7,0,NA,NA,NA,0
2578,2,2,12,NA,NA,0
2579,2,1,NA,NA,NA,0
2580,1,0,NA,NA,NA,0
2581,4,3,NA,NA,NA,0
2582,3,2,17,16,NA,2
2583,3,3,NA,NA,NA,0
2584,6,4,13,10,12,0
2585,1,1,NA,NA,NA,0
2586,3,3,NA,NA,NA,0
2587,1,1,NA,NA,NA,0
2588,3,3,NA,NA,NA,0
2589,3,1,NA,NA,NA,0
2590,5,0,NA,NA,NA,0
2591,4,4,NA,NA,NA,0
2601,4,3,4,14,23,0
2602,3,3,NA,NA,NA,0
2603,2,0,NA,NA,NA,2
2604,2,1,NA,NA,NA,2
2605,2,2,17,9,NA,2
2606,4,2,NA,NA,NA,0
2607,6,2,NA,NA,NA,2
2608,3,2,NA,NA,NA,3
2609,3,1,21,NA,NA,1
2610,2,2,NA,NA,NA,1
2611,2,2,NA,NA,NA,1
2612,2,2,NA,NA,NA,0
2613,4,3,NA,NA,NA,0
2614,1,1,NA,NA,NA,0
2615,4,3,NA,NA,NA,0
2616,4,4,11,11,25,0
2617,2,2,NA,NA,NA,1
2618,4,4,NA,NA,NA,0
2619,6,0,NA,NA,NA,4
2620,2,2,17,25,NA,2
2621,11,0,NA,NA,NA,2
2622,3,3,5,11,13,2
2623,3,2,NA,NA,NA,1
2624,3,0,NA,NA,NA,3
2625,4,4,NA,NA,NA,1
2626,4,4,NA,NA,NA,0
2627,3,3,NA,NA,NA,3
2628,1,0,NA,NA,NA,1
2629,3,0,NA,NA,NA,3
2630,3,0,NA,NA,NA,3
2631,6,0,NA,NA,NA,6
2632,1,0,NA,NA,NA,1
2633,3,0,NA,NA,NA,3
2634,2,0,NA,NA,NA,2
2635,3,0,NA,NA,NA,3
2636,2,0,NA,NA,NA,2
2637,1,0,NA,NA,NA,1
2638,2,0,NA,NA,NA,2
2639,4,0,NA,NA,NA,4
2640,1,0,NA,NA,NA,1
2641,3,0,NA,NA,NA,3
2642,1,0,NA,NA,NA,1
2643,4,0,NA,NA,NA,4
2644,2,1,7,NA,NA,2
2645,2,0,NA,NA,NA,2
2646,3,0,NA,NA,NA,3
2647,1,1,NA,NA,NA,2
2648,7,0,NA,NA,NA,2
2649,2,0,NA,NA,NA,0
2650,2,1,33,NA,NA,2
2651,9,0,NA,NA,NA,3
2652,14,0,NA,NA,NA,6
2653,9,4,10,10,5,1
2654,3,2,5,8,NA,0
2655,3,0,NA,NA,NA,5
2656,9,0,NA,NA,NA,4
2657,3,1,NA,NA,NA,2
2658,2,1,NA,NA,NA,2
2659,1,0,NA,NA,NA,1
2660,3,3,NA,NA,NA,3
2661,3,3,NA,NA,NA,3
2662,2,2,NA,NA,NA,1
2663,9,7,18,14,13,9
2664,3,3,NA,NA,NA,2
2665,1,1,NA,NA,NA,1
2666,4,4,NA,NA,NA,4
2667,5,5,19,12,NA,4
2668,5,5,NA,NA,NA,2
2669,3,3,NA,NA,NA,3
2670,9,0,NA,NA,NA,3
2671,4,4,15,15,NA,4
2672,3,2,8,NA,NA,2
2673,2,0,NA,NA,NA,1
2674,2,2,NA,NA,NA,2
2675,3,3,15,NA,NA,3
2676,4,4,15,11,13,4
2677,11,0,NA,NA,NA,10
2678,3,0,NA,NA,NA,2
2679,11,0,NA,NA,NA,4
2680,13,0,NA,NA,NA,10
2681,5,1,NA,NA,NA,4
2682,2,2,NA,NA,NA,2
2683,2,2,15,11,NA,1
2684,3,3,NA,NA,NA,3
2685,3,2,NA,NA,NA,2
2686,5,5,12,15,14,5
2687,7,0,NA,NA,NA,3
2688,3,3,NA,NA,NA,3
2689,4,0,NA,NA,NA,4
2690,10,0,NA,NA,NA,8
2691,3,3,29,16,NA,1
2692,2,2,NA,NA,NA,1
2693,5,5,12,7,13,1
2694,2,2,NA,NA,NA,1
2695,4,4,15,NA,NA,3
2696,3,1,17,NA,NA,1
2697,4,0,NA,NA,NA,0
2698,2,2,NA,NA,NA,2
2699,5,5,19,NA,NA,5
2700,11,0,NA,NA,NA,3
2701,8,0,NA,NA,NA,0
2702,16,0,NA,NA,NA,0
2703,18,0,NA,NA,NA,0
2704,29,1,NA,NA,NA,0
2705,15,5,32,36,24,0
2706,20,0,NA,NA,NA,0
2707,13,6,NA,NA,NA,0
2708,23,0,NA,NA,NA,0
2709,5,0,NA,NA,NA,0
2710,16,6,20,34,35,0
2711,32,0,NA,NA,NA,0
2712,14,1,NA,NA,NA,0
2713,16,6,22,28,21,0
2714,16,6,NA,NA,NA,0
2715,20,0,NA,NA,NA,0
2716,20,2,20,19,NA,0
2717,17,0,NA,NA,NA,0
2718,9,0,NA,NA,NA,0
2719,24,0,NA,NA,NA,0
2720,13,0,NA,NA,NA,0
2721,14,0,NA,NA,NA,0
2722,15,0,NA,NA,NA,0
2723,26,0,NA,NA,NA,0
2724,13,0,NA,NA,NA,0
2725,23,0,NA,NA,NA,0
2726,19,0,NA,NA,NA,0
2727,16,2,NA,NA,NA,7
2728,18,0,NA,NA,NA,0
2729,23,2,33,26,NA,0
2730,10,1,34,NA,NA,4
2731,6,5,NA,NA,NA,0
2732,18,9,NA,NA,NA,0
2733,40,12,NA,NA,NA,0
2734,33,15,NA,NA,NA,0
2735,23,13,NA,NA,NA,0
2736,11,11,NA,NA,NA,0
2737,19,4,NA,NA,NA,0
2738,56,25,NA,NA,NA,0
2739,5,3,NA,NA,NA,0
2740,19,12,NA,NA,NA,0
2741,20,6,NA,NA,NA,0
2742,39,8,NA,NA,NA,0
2743,4,3,NA,NA,NA,0
2744,8,5,NA,NA,NA,0
2745,25,11,NA,NA,NA,0
2746,14,9,NA,NA,NA,0
2747,23,19,NA,NA,NA,0
2748,36,17,NA,NA,NA,0
2749,19,9,NA,NA,NA,0
2750,26,17,NA,NA,NA,0
2751,24,15,NA,NA,NA,0
2752,13,6,NA,NA,NA,0
2753,28,21,NA,NA,NA,0
2754,12,10,NA,NA,NA,0
2755,17,8,NA,NA,NA,0
2756,4,4,NA,NA,NA,0
2757,10,7,NA,NA,NA,0
2758,29,23,NA,NA,NA,0
2759,16,13,NA,NA,NA,0
2760,26,19,NA,NA,NA,0
2761,18,2,NA,NA,NA,0
2762,9,3,NA,NA,NA,0
2763,21,18,NA,NA,NA,0
2764,24,16,NA,NA,NA,0
2765,18,3,NA,NA,NA,0
2766,40,10,NA,NA,NA,0
2767,73,31,NA,NA,NA,0
2768,14,11,NA,NA,NA,0
2769,14,3,NA,NA,NA,0
2770,27,5,NA,NA,NA,0
2771,34,26,NA,NA,NA,0
2772,23,3,NA,NA,NA,0
2773,15,1,NA,NA,NA,0
2774,42,19,NA,NA,NA,0
2775,34,24,NA,NA,NA,0
2776,11,7,NA,NA,NA,0
2777,13,13,NA,NA,NA,0
2778,8,5,NA,NA,NA,0
2779,36,19,NA,NA,NA,0
2780,26,19,NA,NA,NA,0
2781,24,4,NA,NA,NA,0
2782,6,4,NA,NA,NA,1
2783,55,13,NA,NA,NA,0
2784,27,11,NA,NA,NA,0
2785,4,4,NA,NA,NA,0
2786,39,10,NA,NA,NA,0
2787,23,4,NA,NA,NA,0
2788,37,23,NA,NA,NA,0
2789,53,27,NA,NA,NA,0
2790,44,36,NA,NA,NA,0
2791,26,18,NA,NA,NA,0
2792,13,8,NA,NA,NA,0
2793,33,21,NA,NA,NA,0
2794,12,10,NA,NA,NA,0
2795,57,33,NA,NA,NA,0
2796,22,5,NA,NA,NA,0
2797,2,0,NA,NA,NA,0
2798,19,9,NA,NA,NA,0
2799,23,13,NA,NA,NA,0
2800,29,10,NA,NA,NA,0
2801,20,6,NA,NA,NA,0
2802,40,23,NA,NA,NA,0
2803,83,51,NA,NA,NA,0
2804,12,12,NA,NA,NA,0
2805,46,29,NA,NA,NA,0
2806,39,27,NA,NA,NA,0
2807,34,15,NA,NA,NA,0
2808,15,7,NA,NA,NA,0
2809,23,5,NA,NA,NA,0
2810,6,0,NA,NA,NA,0
2811,5,1,NA,NA,NA,0
2812,30,10,NA,NA,NA,0
2813,4,1,NA,NA,NA,1
2814,1,0,NA,NA,NA,0
2815,4,1,NA,NA,NA,0
2816,14,5,NA,NA,NA,0
2817,19,15,NA,NA,NA,0
2818,34,24,NA,NA,NA,0
2819,47,32,NA,NA,NA,0
2820,44,25,NA,NA,NA,0
2821,24,13,NA,NA,NA,0
2822,38,27,NA,NA,NA,0
2823,11,4,NA,NA,NA,0
2824,7,4,NA,NA,NA,0
2825,52,22,NA,NA,NA,0
2826,23,10,NA,NA,NA,0
2827,32,17,NA,NA,NA,0
2828,38,12,NA,NA,NA,0
2829,11,3,NA,NA,NA,0
2830,9,3,NA,NA,NA,0
2831,7,7,NA,NA,NA,7
2832,5,5,NA,NA,NA,5
2833,9,6,NA,NA,NA,9
2834,3,3,NA,NA,NA,3
2835,5,5,NA,NA,NA,5
2836,12,4,NA,NA,NA,0
2837,6,3,NA,NA,NA,6
2838,4,2,NA,NA,NA,4
2839,2,1,NA,NA,NA,2
2840,8,5,NA,NA,NA,5
2841,5,5,NA,NA,NA,5
2842,5,3,NA,NA,NA,3
2843,19,9,NA,NA,NA,9
2844,6,2,NA,NA,NA,0
2845,12,3,NA,NA,NA,0
2846,27,0,NA,NA,NA,0
2847,9,3,NA,NA,NA,0
2848,8,1,NA,NA,NA,0
2849,15,2,NA,NA,NA,0
2850,4,0,NA,NA,NA,0
2851,15,1,65,NA,NA,0
2852,5,0,NA,NA,NA,0
2853,18,0,NA,NA,NA,0
2854,10,5,29,38,24,0
2855,25,1,NA,NA,NA,0
2856,20,3,34,27,26,0
2857,8,0,NA,NA,NA,0
2858,11,1,NA,NA,NA,0
2859,6,1,20,NA,NA,0
2860,7,0,NA,NA,NA,0
2861,41,0,NA,NA,NA,0
2862,10,1,35,NA,NA,0
2863,8,4,NA,NA,NA,0
2864,6,2,NA,NA,NA,0
2865,18,1,NA,NA,NA,0
2866,72,0,NA,NA,NA,0
2867,9,4,27,25,34,1
2868,11,0,NA,NA,NA,0
2869,14,6,NA,NA,NA,0
2870,32,0,NA,NA,NA,5
2871,12,1,NA,NA,NA,0
2872,6,0,NA,NA,NA,0
2873,31,0,NA,NA,NA,0
2874,25,0,NA,NA,NA,0
2875,25,3,NA,NA,NA,1
2876,13,0,NA,NA,NA,
2877,9,1,NA,NA,NA,0
2878,18,9,27,18,16,8
2879,9,4,NA,NA,NA,2
2880,16,0,NA,NA,NA,0
2881,16,2,NA,NA,NA,0
2882,20,3,36,42,31,0
2883,16,3,NA,NA,NA,0
2884,9,1,NA,NA,NA,1
2885,21,5,34,36,28,0
2886,10,1,NA,NA,NA,0
2887,13,0,NA,NA,NA,0
2888,23,0,NA,NA,NA,0
2889,4,0,NA,NA,NA,0
2890,11,0,NA,NA,NA,0
2891,55,0,NA,NA,NA,0
2892,30,0,NA,NA,NA,0
2893,18,1,NA,NA,NA,0
2894,8,0,NA,NA,NA,0
2895,8,0,NA,NA,NA,0
2896,9,1,46,NA,NA,0
2897,11,4,NA,NA,NA,0
2898,12,4,NA,NA,NA,0
2899,10,4,NA,NA,NA,0
2900,18,8,38,22,25,0
2901,7,2,25,23,NA,0
2902,9,0,NA,NA,NA,0
2903,9,1,NA,NA,NA,0
2904,13,0,NA,NA,NA,0
2905,17,1,24,NA,NA,0
2906,12,0,NA,NA,NA,0
2907,6,0,NA,NA,NA,0
2908,17,0,NA,NA,NA,0
2909,8,0,NA,NA,NA,0
2910,18,1,13,NA,NA,0
2911,19,0,NA,NA,NA,0
2912,22,0,NA,NA,NA,0
2913,19,2,NA,NA,NA,0
2914,14,2,32,42,NA,0
2915,22,1,NA,NA,NA,0
2916,4,0,NA,NA,NA,3
2917,4,0,NA,NA,NA,0
2918,14,0,NA,NA,NA,0
2919,17,0,NA,NA,NA,0
2920,31,0,NA,NA,NA,0
2921,4,2,NA,NA,NA,0
2922,23,1,NA,NA,NA,0
2923,11,2,NA,NA,NA,1
2924,15,3,25,33,32,0
2925,16,0,NA,NA,NA,0
2926,15,0,NA,NA,NA,0
2927,21,3,NA,NA,NA,0
2928,24,10,NA,NA,NA,0
2929,14,7,23,28,29,0
2930,10,1,NA,NA,NA,0
2931,3,2,NA,NA,NA,0
2932,8,2,35,24,NA,0
2933,24,0,NA,NA,NA,1
2934,18,0,NA,NA,NA,0
2935,18,4,NA,NA,NA,0
2936,4,1,NA,NA,NA,0
2937,20,4,25,33,NA,0
2938,5,0,NA,NA,NA,0
2939,31,2,NA,NA,NA,0
2940,41,0,NA,NA,NA,0
2941,20,0,NA,NA,NA,0
2942,18,5,49,45,38,0
2943,32,9,30,34,25,0
2944,5,0,NA,NA,NA,0
2945,19,3,NA,NA,NA,0
2946,19,0,NA,NA,NA,0
2947,5,0,NA,NA,NA,0
2948,16,0,NA,NA,NA,0
2949,18,8,NA,NA,NA,0
2950,3,2,NA,NA,NA,0
2951,29,4,NA,NA,NA,0
2952,18,4,47,45,39,0
2953,18,0,NA,NA,NA,0
2954,10,1,NA,NA,NA,0
2955,3,0,NA,NA,NA,0
2956,31,0,NA,NA,NA,0
2957,14,1,NA,NA,NA,0
2958,6,3,25,17,18,0
2959,28,7,30,29,39,0
2960,15,0,NA,NA,NA,0
2961,6,1,NA,NA,NA,0
2962,10,0,NA,NA,NA,0
2963,11,1,NA,NA,NA,0
2964,6,0,NA,NA,NA,0
2965,4,3,17,15,11,0
2966,3,3,NA,NA,NA,0
2967,3,3,NA,NA,NA,0
2968,4,0,NA,NA,NA,0
2969,8,0,NA,NA,NA,0
2970,10,0,NA,NA,NA,0
2971,3,1,15,NA,NA,0
2972,1,0,NA,NA,NA,0
2973,3,0,NA,NA,NA,0
2974,1,1,NA,NA,NA,0
2975,3,2,24,15,NA,0
2976,4,0,NA,NA,NA,0
2977,4,0,NA,NA,NA,0
2978,7,0,NA,NA,NA,0
2979,3,2,NA,NA,NA,0
2980,10,8,13,11,11,0
2981,3,2,NA,NA,NA,0
2982,3,0,NA,NA,NA,0
2983,3,0,NA,NA,NA,0
2984,3,4,NA,NA,NA,0
2985,1,1,NA,NA,NA,1
2986,4,0,NA,NA,NA,0
2987,7,2,NA,NA,NA,0
2988,8,1,15,NA,NA,0
2989,2,1,40,NA,NA,0
2990,7,5,NA,NA,NA,2
2991,6,0,NA,NA,NA,0
2992,2,0,NA,NA,NA,0
2993,1,1,NA,NA,NA,0
2994,4,3,NA,NA,NA,2
2995,5,0,NA,NA,NA,0
2996,5,2,37,29,NA,1
2997,3,0,NA,NA,NA,1
2998,5,0,NA,NA,NA,0
2999,5,0,NA,NA,NA,0
3000,2,0,NA,NA,NA,2
1,21,0,NA,NA,NA,0
2,16,1,NA,NA,NA,0
3,12,4,32,34,28,1
4,15,4,NA,NA,NA,0
5,38,1,NA,NA,NA,2
6,17,1,NA,NA,NA,0
7,17,0,NA,NA,NA,0
8,14,0,NA,NA,NA,1
9,19,1,50,NA,NA,1
10,14,0,NA,NA,NA,0
11,13,4,49,26,21,2
12,14,0,NA,NA,NA,0
13,21,0,NA,NA,NA,0
14,28,0,NA,NA,NA,0
15,16,0,NA,NA,NA,1
16,8,0,NA,NA,NA,0
17,23,0,NA,NA,NA,0
18,9,1,59,NA,NA,0
19,19,0,NA,NA,NA,0
20,8,2,35,NA,NA,
21,10,0,NA,NA,NA,0
22,18,0,NA,NA,NA,0
23,6,0,NA,NA,NA,0
24,11,0,NA,NA,NA,0
25,12,0,NA,NA,NA,1
26,20,0,NA,NA,NA,0
27,6,0,NA,NA,NA,0
28,2,1,NA,NA,NA,0
29,9,3,62,30,30,0
30,15,0,NA,NA,NA,0
31,9,3,NA,NA,NA,0
32,5,1,30,NA,NA,0
33,9,0,NA,NA,NA,0
34,7,1,NA,NA,NA,0
35,11,0,NA,NA,NA,0
36,20,0,NA,NA,NA,0
37,9,0,NA,NA,NA,0
38,12,4,34,36,16,0
39,11,0,NA,NA,NA,0
40,8,5,NA,NA,NA,1
41,10,,NA,NA,NA,2
42,10,1,33,NA,NA,0
43,12,0,NA,NA,NA,0
44,9,1,NA,NA,NA,0
45,9,0,NA,NA,NA,0
46,8,4,9,17,12,0
47,5,0,NA,NA,NA,0
48,12,0,NA,NA,NA,0
49,22,1,NA,NA,NA,0
50,11,4,NA,NA,NA,2
51,24,0,NA,NA,NA,0
52,11,1,NA,NA,NA,0
53,19,0,NA,NA,NA,0
54,8,2,40,NA,NA,0
55,4,1,NA,NA,NA,0
56,8,1,22,NA,NA,0
57,7,0,NA,NA,NA,0
58,7,0,NA,NA,NA,0
59,9,0,NA,NA,NA,0
60,12,1,NA,NA,NA,0
61,3,0,NA,NA,NA,0
62,13,4,NA,NA,NA,0
63,8,0,NA,NA,NA,0
64,13,5,NA,NA,NA,2
65,28,0,NA,NA,NA,0
66,13,0,NA,NA,NA,1
67,9,5,20,21,20,0
68,9,1,24,NA,NA,0
69,12,0,NA,NA,NA,0
70,11,5,NA,NA,NA,2
71,9,7,NA,NA,NA,5
72,15,6,NA,NA,NA,0
73,13,6,NA,NA,NA,0
74,17,10,NA,NA,NA,3
75,11,5,NA,NA,NA,5
76,11,9,NA,NA,NA,0
77,14,2,NA,NA,NA,4
78,7,1,NA,NA,NA,6
79,20,17,NA,NA,NA,5
80,6,1,NA,NA,NA,0
81,17,4,NA,NA,NA,5
82,14,6,NA,NA,NA,6
83,20,8,NA,NA,NA,0
84,21,9,NA,NA,NA,0
85,12,5,NA,NA,NA,4
86,17,10,NA,NA,NA,0
87,12,6,NA,NA,NA,3
88,23,10,NA,NA,NA,0
89,5,5,NA,NA,NA,0
90,12,0,NA,NA,NA,0
91,10,6,NA,NA,NA,0
92,8,3,NA,NA,NA,0
93,11,8,NA,NA,NA,3
94,13,3,NA,NA,NA,0
95,24,9,NA,NA,NA,0
96,16,11,NA,NA,NA,0
97,15,6,NA,NA,NA,0
98,24,5,NA,NA,NA,0
99,11,7,NA,NA,NA,1
593,9,0,NA,NA,NA,2
594,33,0,NA,NA,NA,0
597,9,3,NA,NA,NA,0
598,18,0,NA,NA,NA,0
D_BAE1_1,0,,NA,NA,NA,
D_BAE1_3,0,,NA,NA,NA,
D_BAE4_11,0,,NA,NA,NA,
D_BAE4_13,0,,NA,NA,NA,
D_BAE4_15,0,,NA,NA,NA,
D_BAP8_5,0,,NA,NA,NA,
D_BFA7_12,0,,NA,NA,NA,
D_BFE1_12,0,,NA,NA,NA,
D_BFE1_9,0,,NA,NA,NA,
D_BFE8_2,0,,NA,NA,NA,
D_CA7_12,0,,NA,NA,NA,
D_CA7_2,0,,NA,NA,NA,
D_HP3_2,0,,NA,NA,NA,
D_KA1_10,0,,NA,NA,NA,
D_KA1_6,0,,NA,NA,NA,
D_KA2_13,0,,NA,NA,NA,
D_KA2_14,0,,NA,NA,NA,
D_KA2_2,0,,NA,NA,NA,
D_KA2_4,0,,NA,NA,NA,
D_KA2_7,0,,NA,NA,NA,
D_KA2_9,0,,NA,NA,NA,
D_KA3_10,0,,NA,NA,NA,
D_KA3_12,0,,NA,NA,NA,
D_KA3_14,0,,NA,NA,NA,
D_KA3_15,0,,NA,NA,NA,
D_KA3_2,0,,NA,NA,NA,
D_KA3_3,0,,NA,NA,NA,
D_KA3_4,0,,NA,NA,NA,
D_KA3_5,0,,NA,NA,NA,
D_KA3_6,0,,NA,NA,NA,
D_KA3_9,0,,NA,NA,NA,
D_KA4_1,0,,NA,NA,NA,
D_KA4_11,0,,NA,NA,NA,
D_KA4_14,0,,NA,NA,NA,
D_KA4_2,0,,NA,NA,NA,
D_KA4_3,0,,NA,NA,NA,
D_KA4_5,0,,NA,NA,NA,
D_KA4_6,0,,NA,NA,NA,
D_KA4_7,0,,NA,NA,NA,
D_KA4_8,0,,NA,NA,NA,
D_KA5_10,0,,NA,NA,NA,
D_KA5_12,0,,NA,NA,NA,
D_KA5_13,0,,NA,NA,NA,
D_KA5_14,0,,NA,NA,NA,
D_KA5_15,0,,NA,NA,NA,
D_KA5_2,0,,NA,NA,NA,
D_KA5_3,0,,NA,NA,NA,
D_KA5_4,0,,NA,NA,NA,
D_KA5_5,0,,NA,NA,NA,
D_KA5_6,0,,NA,NA,NA,
D_KA5_7,0,,NA,NA,NA,
D_KA5_9,0,,NA,NA,NA,
D_KA6_10,0,,NA,NA,NA,
D_KA6_11,0,,NA,NA,NA,
D_KA6_12,0,,NA,NA,NA,
D_KA6_13,0,,NA,NA,NA,
D_KA6_14,0,,NA,NA,NA,
D_KA6_2,0,,NA,NA,NA,
D_KA6_3,0,,NA,NA,NA,
D_KA6_4,0,,NA,NA,NA,
D_KA6_5,0,,NA,NA,NA,
D_KA6_6,0,,NA,NA,NA,
D_KA6_8,0,,NA,NA,NA,
D_KA6_9,0,,NA,NA,NA,
D_KA7_1,0,,NA,NA,NA,
D_KA7_10,0,,NA,NA,NA,
D_KA7_11,0,,NA,NA,NA,
D_KA7_14,0,,NA,NA,NA,
D_KA7_15,0,,NA,NA,NA,
D_KA7_2,0,,NA,NA,NA,
D_KA7_6,0,,NA,NA,NA,
D_KA7_7,0,,NA,NA,NA,
D_KA8_10,0,,NA,NA,NA,
D_KA8_11,0,,NA,NA,NA,
D_KA8_12,0,,NA,NA,NA,
D_KA8_13,0,,NA,NA,NA,
D_KA8_15,0,,NA,NA,NA,
D_KA8_3,0,,NA,NA,NA,
D_KA8_5,0,,NA,NA,NA,
D_KA8_7,0,,NA,NA,NA,
D_KE1_1,0,,NA,NA,NA,
D_KE1_10,0,,NA,NA,NA,
D_KE1_11,0,,NA,NA,NA,
D_KE1_12,0,,NA,NA,NA,
D_KE1_13,0,,NA,NA,NA,
D_KE1_14,0,,NA,NA,NA,
D_KE1_15,0,,NA,NA,NA,
D_KE1_2,0,,NA,NA,NA,
D_KE1_3,0,,NA,NA,NA,
D_KE1_4,0,,NA,NA,NA,
D_KE1_5,0,,NA,NA,NA,
D_KE1_6,0,,NA,NA,NA,
D_KE1_7,0,,NA,NA,NA,
D_KE1_8,0,,NA,NA,NA,
D_KE1_9,0,,NA,NA,NA,
D_KE2_1,0,,NA,NA,NA,
D_KE2_10,0,,NA,NA,NA,
D_KE2_11,0,,NA,NA,NA,
D_KE2_12,0,,NA,NA,NA,
D_KE2_13,0,,NA,NA,NA,
D_KE2_14,0,,NA,NA,NA,
D_KE2_15,0,,NA,NA,NA,
D_KE2_2,0,,NA,NA,NA,
D_KE2_3,0,,NA,NA,NA,
D_KE2_4,0,,NA,NA,NA,
D_KE2_5,0,,NA,NA,NA,
D_KE2_6,0,,NA,NA,NA,
D_KE2_7,0,,NA,NA,NA,
D_KE2_8,0,,NA,NA,NA,
D_KE2_9,0,,NA,NA,NA,
D_KE3_1,0,,NA,NA,NA,
D_KE3_10,0,,NA,NA,NA,
D_KE3_11,0,,NA,NA,NA,
D_KE3_12,0,,NA,NA,NA,
D_KE3_13,0,,NA,NA,NA,
D_KE3_14,0,,NA,NA,NA,
D_KE3_15,0,,NA,NA,NA,
D_KE3_2,0,,NA,NA,NA,
D_KE3_3,0,,NA,NA,NA,
D_KE3_4,0,,NA,NA,NA,
D_KE3_5,0,,NA,NA,NA,
D_KE3_6,0,,NA,NA,NA,
D_KE3_7,0,,NA,NA,NA,
D_KE3_8,0,,NA,NA,NA,
D_KE3_9,0,,NA,NA,NA,
D_KE4_1,0,,NA,NA,NA,
D_KE4_10,0,,NA,NA,NA,
D_KE4_11,0,,NA,NA,NA,
D_KE4_13,0,,NA,NA,NA,
D_KE4_14,0,,NA,NA,NA,
D_KE4_15,0,,NA,NA,NA,
D_KE4_2,0,,NA,NA,NA,
D_KE4_4,0,,NA,NA,NA,
D_KE4_5,0,,NA,NA,NA,
D_KE4_6,0,,NA,NA,NA,
D_KE4_7,0,,NA,NA,NA,
D_KE4_8,0,,NA,NA,NA,
D_KE5_10,0,,NA,NA,NA,
D_KE5_12,0,,NA,NA,NA,
D_KE5_14,0,,NA,NA,NA,
D_KE5_15,0,,NA,NA,NA,
D_KE5_3,0,,NA,NA,NA,
D_KE5_4,0,,NA,NA,NA,
D_KE5_5,0,,NA,NA,NA,
D_KE5_6,0,,NA,NA,NA,
D_KE5_8,0,,NA,NA,NA,
D_KE5_9,0,,NA,NA,NA,
D_KE6_11,0,,NA,NA,NA,
D_KE6_13,0,,NA,NA,NA,
D_KE6_14,0,,NA,NA,NA,
D_KE6_9,0,,NA,NA,NA,
D_KE7_1,0,,NA,NA,NA,
D_KE7_10,0,,NA,NA,NA,
D_KE7_11,0,,NA,NA,NA,
D_KE7_12,0,,NA,NA,NA,
D_KE7_13,0,,NA,NA,NA,
D_KE7_14,0,,NA,NA,NA,
D_KE7_15,0,,NA,NA,NA,
D_KE7_2,0,,NA,NA,NA,
D_KE7_3,0,,NA,NA,NA,
D_KE7_4,0,,NA,NA,NA,
D_KE7_5,0,,NA,NA,NA,
D_KE7_6,0,,NA,NA,NA,
D_KE7_7,0,,NA,NA,NA,
D_KE7_8,0,,NA,NA,NA,
D_KE7_9,0,,NA,NA,NA,
D_KE8_1,0,,NA,NA,NA,
D_KE8_2,0,,NA,NA,NA,
D_KE8_3,0,,NA,NA,NA,
D_KE8_4,0,,NA,NA,NA,
D_KE8_8,0,,NA,NA,NA,
D_KP1_1,0,,NA,NA,NA,
D_KP1_10,0,,NA,NA,NA,
D_KP1_12,0,,NA,NA,NA,
D_KP1_13,0,,NA,NA,NA,
D_KP1_14,0,,NA,NA,NA,
D_KP1_15,0,,NA,NA,NA,
D_KP1_2,0,,NA,NA,NA,
D_KP1_3,0,,NA,NA,NA,
D_KP1_4,0,,NA,NA,NA,
D_KP1_5,0,,NA,NA,NA,
D_KP1_6,0,,NA,NA,NA,
D_KP1_7,0,,NA,NA,NA,
D_KP1_8,0,,NA,NA,NA,
D_KP1_9,0,,NA,NA,NA,
D_KP3_1,0,,NA,NA,NA,
D_KP3_10,0,,NA,NA,NA,
D_KP3_11,0,,NA,NA,NA,
D_KP3_12,0,,NA,NA,NA,
D_KP3_13,0,,NA,NA,NA,
D_KP3_14,0,,NA,NA,NA,
D_KP3_15,0,,NA,NA,NA,
D_KP3_2,0,,NA,NA,NA,
D_KP3_3,0,,NA,NA,NA,
D_KP3_4,0,,NA,NA,NA,
D_KP3_5,0,,NA,NA,NA,
D_KP3_6,0,,NA,NA,NA,
D_KP3_7,0,,NA,NA,NA,
D_KP3_8,0,,NA,NA,NA,
D_KP3_9,0,,NA,NA,NA,
D_KP4_10,0,,NA,NA,NA,
D_KP4_11,0,,NA,NA,NA,
D_KP4_13,0,,NA,NA,NA,
D_KP4_14,0,,NA,NA,NA,
D_KP4_15,0,,NA,NA,NA,
D_KP4_2,0,,NA,NA,NA,
D_KP4_3,0,,NA,NA,NA,
D_KP4_4,0,,NA,NA,NA,
D_KP4_6,0,,NA,NA,NA,
D_KP4_7,0,,NA,NA,NA,
D_KP4_8,0,,NA,NA,NA,
D_KP4_9,0,,NA,NA,NA,
D_KP5_1,0,,NA,NA,NA,
D_KP5_11,0,,NA,NA,NA,
D_KP5_12,0,,NA,NA,NA,
D_KP5_13,0,,NA,NA,NA,
D_KP5_15,0,,NA,NA,NA,
D_KP5_2,0,,NA,NA,NA,
D_KP5_3,0,,NA,NA,NA,
D_KP5_9,0,,NA,NA,NA,
D_KP6_13,0,,NA,NA,NA,
D_KP6_3,0,,NA,NA,NA,
D_KP6_5,0,,NA,NA,NA,
D_KP6_6,0,,NA,NA,NA,
D_KP6_9,0,,NA,NA,NA,
D_KP7_1,0,,NA,NA,NA,
D_KP7_12,0,,NA,NA,NA,
D_KP7_13,0,,NA,NA,NA,
D_KP7_14,0,,NA,NA,NA,
D_KP7_2,0,,NA,NA,NA,
D_KP7_3,0,,NA,NA,NA,
D_KP7_5,0,,NA,NA,NA,
D_KP7_6,0,,NA,NA,NA,
D_KP7_8,0,,NA,NA,NA,
D_KP7_9,0,,NA,NA,NA,
D_KP8_10,0,,NA,NA,NA,
D_LA2_11,0,,NA,NA,NA,
D_LA2_4,0,,NA,NA,NA,
D_LA3_8,0,,NA,NA,NA,
D_LA4_5,0,,NA,NA,NA,
D_LA6_1,0,,NA,NA,NA,
D_LA6_7,0,,NA,NA,NA,
D_LA7_6,0,,NA,NA,NA,
E2-1,,,NA,NA,NA,
D_LE3_11,0,,NA,NA,NA,
D_LE4_1,0,,NA,NA,NA,
D_LE4_2,0,,NA,NA,NA,
D_LE4_3,0,,NA,NA,NA,
D_LE4_5,0,,NA,NA,NA,
D_LE4_6,0,,NA,NA,NA,
D_LE4_8,0,,NA,NA,NA,
D_LE4_9,0,,NA,NA,NA,
D_LE5_1,0,,NA,NA,NA,
D_LE5_13,0,,NA,NA,NA,
D_LE5_14,0,,NA,NA,NA,
D_LE5_2,0,,NA,NA,NA,
D_LE5_3,0,,NA,NA,NA,
D_LE5_7,0,,NA,NA,NA,
D_LE6_1,0,,NA,NA,NA,
D_LE6_10,0,,NA,NA,NA,
D_LE6_11,0,,NA,NA,NA,
D_LE6_15,0,,NA,NA,NA,
D_LE6_2,0,,NA,NA,NA,
D_LE6_5,0,,NA,NA,NA,
D_LE6_6,0,,NA,NA,NA,
D_LE8_3,0,,NA,NA,NA,
D_SA1_1,0,,NA,NA,NA,
D_SA1_10,0,,NA,NA,NA,
D_SA1_11,0,,NA,NA,NA,
D_SA1_12,0,,NA,NA,NA,
D_SA1_13,0,,NA,NA,NA,
D_SA1_14,0,,NA,NA,NA,
D_SA1_15,0,,NA,NA,NA,
D_SA1_2,0,,NA,NA,NA,
D_SA1_3,0,,NA,NA,NA,
D_SA1_4,0,,NA,NA,NA,
D_SA1_5,0,,NA,NA,NA,
D_SA1_6,0,,NA,NA,NA,
D_SA1_7,0,,NA,NA,NA,
D_SA1_8,0,,NA,NA,NA,
D_SA1_9,0,,NA,NA,NA,
D_SA2_1,0,,NA,NA,NA,1
D_SA2_11,0,,NA,NA,NA,
D_SA2_12,0,,NA,NA,NA,
D_SA2_13,0,,NA,NA,NA,1
D_SA2_14,0,,NA,NA,NA,
D_SA2_15,0,,NA,NA,NA,
D_SA2_2,0,,NA,NA,NA,1
D_SA2_3,0,,NA,NA,NA,1
D_SA2_4,0,,NA,NA,NA,
D_SA2_5,0,,NA,NA,NA,1
D_SA2_6,0,,NA,NA,NA,1
D_SA2_7,0,,NA,NA,NA,
D_SA2_8,0,,NA,NA,NA,
D_SA2_9,0,,NA,NA,NA,1
D_SA3_1,0,,NA,NA,NA,
D_SA3_10,0,,NA,NA,NA,
D_SA3_11,0,,NA,NA,NA,
D_SA3_12,0,,NA,NA,NA,
D_SA3_13,0,,NA,NA,NA,
D_SA3_14,0,,NA,NA,NA,
D_SA3_15,0,,NA,NA,NA,
D_SA3_2,0,,NA,NA,NA,
D_SA3_3,0,,NA,NA,NA,
D_SA3_4,0,,NA,NA,NA,
D_SA3_5,0,,NA,NA,NA,
D_SA3_6,0,,NA,NA,NA,
D_SA3_7,0,,NA,NA,NA,
D_SA3_8,0,,NA,NA,NA,
D_SA3_9,0,,NA,NA,NA,
D_SA4_1,0,,NA,NA,NA,
D_SA4_10,0,,NA,NA,NA,
D_SA4_11,0,,NA,NA,NA,
D_SA4_12,0,,NA,NA,NA,
D_SA4_13,0,,NA,NA,NA,
D_SA4_14,0,,NA,NA,NA,
D_SA4_15,0,,NA,NA,NA,
D_SA4_2,0,,NA,NA,NA,
D_SA4_3,0,,NA,NA,NA,
D_SA4_4,0,,NA,NA,NA,
D_SA4_5,0,,NA,NA,NA,
D_SA4_6,0,,NA,NA,NA,
D_SA4_7,0,,NA,NA,NA,
D_SA4_8,0,,NA,NA,NA,
D_SA4_9,0,,NA,NA,NA,
D_SA5_1,0,,NA,NA,NA,
D_SA5_10,0,,NA,NA,NA,
D_SA5_11,0,,NA,NA,NA,
D_SA5_12,0,,NA,NA,NA,
D_SA5_13,0,,NA,NA,NA,
D_SA5_14,0,,NA,NA,NA,
D_SA5_15,0,,NA,NA,NA,
D_SA5_2,0,,NA,NA,NA,
D_SA5_3,0,,NA,NA,NA,
D_SA5_4,0,,NA,NA,NA,
D_SA5_5,0,,NA,NA,NA,
D_SA5_6,0,,NA,NA,NA,
D_SA5_7,0,,NA,NA,NA,
D_SA5_8,0,,NA,NA,NA,
D_SA5_9,0,,NA,NA,NA,
D_SA6_1,0,,NA,NA,NA,
D_SA6_10,0,,NA,NA,NA,
D_SA6_11,0,,NA,NA,NA,
D_SA6_12,0,,NA,NA,NA,
D_SA6_13,0,,NA,NA,NA,
D_SA6_14,0,,NA,NA,NA,
D_SA6_15,0,,NA,NA,NA,
D_SA6_2,0,,NA,NA,NA,
D_SA6_3,0,,NA,NA,NA,
D_SA6_4,0,,NA,NA,NA,
D_SA6_5,0,,NA,NA,NA,
D_SA6_6,0,,NA,NA,NA,
D_SA6_7,0,,NA,NA,NA,
D_SA6_8,0,,NA,NA,NA,
D_SA6_9,0,,NA,NA,NA,
D_SA7_1,0,,NA,NA,NA,
D_SA7_10,0,,NA,NA,NA,
D_SA7_11,0,,NA,NA,NA,
D_SA7_12,0,,NA,NA,NA,
D_SA7_13,0,,NA,NA,NA,
D_SA7_14,0,,NA,NA,NA,
D_SA7_15,0,,NA,NA,NA,
D_SA7_2,0,,NA,NA,NA,
D_SA7_3,0,,NA,NA,NA,
D_SA7_4,0,,NA,NA,NA,
D_SA7_5,0,,NA,NA,NA,
D_SA7_6,0,,NA,NA,NA,
D_SA7_7,0,,NA,NA,NA,
D_SA7_8,0,,NA,NA,NA,
D_SA7_9,0,,NA,NA,NA,
D_SA8_1,0,,NA,NA,NA,
D_SA8_10,0,,NA,NA,NA,
D_SA8_11,0,,NA,NA,NA,
D_SA8_12,0,,NA,NA,NA,
D_SA8_13,0,,NA,NA,NA,
D_SA8_14,0,,NA,NA,NA,
D_SA8_15,0,,NA,NA,NA,
D_SA8_2,0,,NA,NA,NA,
D_SA8_3,0,,NA,NA,NA,
D_SA8_4,0,,NA,NA,NA,
D_SA8_5,0,,NA,NA,NA,
D_SA8_6,0,,NA,NA,NA,
D_SA8_7,0,,NA,NA,NA,
D_SA8_8,0,,NA,NA,NA,
D_SA8_9,0,,NA,NA,NA,
D_SE1_1,0,,NA,NA,NA,
D_SE1_10,0,,NA,NA,NA,
D_SE1_11,0,,NA,NA,NA,
D_SE1_12,0,,NA,NA,NA,
D_SE1_13,0,,NA,NA,NA,
D_SE1_14,0,,NA,NA,NA,
D_SE1_15,0,,NA,NA,NA,
D_SE1_2,0,,NA,NA,NA,
D_SE1_3,0,,NA,NA,NA,
D_SE1_4,0,,NA,NA,NA,
D_SE1_5,0,,NA,NA,NA,
D_SE1_6,0,,NA,NA,NA,
D_SE1_7,0,,NA,NA,NA,
D_SE1_8,0,,NA,NA,NA,
D_SE1_9,0,,NA,NA,NA,
D_SE2_1,0,,NA,NA,NA,
D_SE2_10,0,,NA,NA,NA,
D_SE2_11,0,,NA,NA,NA,
D_SE2_12,0,,NA,NA,NA,
D_SE2_13,0,,NA,NA,NA,
D_SE2_14,0,,NA,NA,NA,
D_SE2_15,0,,NA,NA,NA,
D_SE2_2,0,,NA,NA,NA,
D_SE2_3,0,,NA,NA,NA,
D_SE2_4,0,,NA,NA,NA,
D_SE2_5,0,,NA,NA,NA,
D_SE2_6,0,,NA,NA,NA,
D_SE2_7,0,,NA,NA,NA,
D_SE2_8,0,,NA,NA,NA,
D_SE2_9,0,,NA,NA,NA,
D_SE3_1,0,,NA,NA,NA,
D_SE3_10,0,,NA,NA,NA,
D_SE3_11,0,,NA,NA,NA,
D_SE3_12,0,,NA,NA,NA,
D_SE3_13,0,,NA,NA,NA,
D_SE3_14,0,,NA,NA,NA,
D_SE3_15,0,,NA,NA,NA,
D_SE3_2,0,,NA,NA,NA,
D_SE3_3,0,,NA,NA,NA,
D_SE3_4,0,,NA,NA,NA,
D_SE3_5,0,,NA,NA,NA,
D_SE3_6,0,,NA,NA,NA,
D_SE3_7,0,,NA,NA,NA,
D_SE3_8,0,,NA,NA,NA,
D_SE3_9,0,,NA,NA,NA,
D_SE4_1,0,,NA,NA,NA,
D_SE4_10,0,,NA,NA,NA,
D_SE4_11,0,,NA,NA,NA,
D_SE4_12,0,,NA,NA,NA,
D_SE4_13,0,,NA,NA,NA,
D_SE4_14,0,,NA,NA,NA,
D_SE4_15,0,,NA,NA,NA,
D_SE4_2,0,,NA,NA,NA,
D_SE4_3,0,,NA,NA,NA,
D_SE4_4,0,,NA,NA,NA,
D_SE4_5,0,,NA,NA,NA,
D_SE4_6,0,,NA,NA,NA,
D_SE4_7,0,,NA,NA,NA,
D_SE4_8,0,,NA,NA,NA,
D_SE4_9,0,,NA,NA,NA,
D_SE5_1,0,,NA,NA,NA,
D_SE5_10,0,,NA,NA,NA,
D_SE5_11,0,,NA,NA,NA,
D_SE5_12,0,,NA,NA,NA,
D_SE5_15,0,,NA,NA,NA,
D_SE5_2,0,,NA,NA,NA,
D_SE5_3,0,,NA,NA,NA,
D_SE5_4,0,,NA,NA,NA,
D_SE5_6,0,,NA,NA,NA,
D_SE5_7,0,,NA,NA,NA,
D_SE5_8,0,,NA,NA,NA,
D_SE5_9,0,,NA,NA,NA,
D_SE6_1,0,,NA,NA,NA,
D_SE6_10,0,,NA,NA,NA,
D_SE6_11,0,,NA,NA,NA,
D_SE6_12,0,,NA,NA,NA,
D_SE6_13,0,,NA,NA,NA,
D_SE6_14,0,,NA,NA,NA,
D_SE6_15,0,,NA,NA,NA,
D_SE6_2,0,,NA,NA,NA,
D_SE6_3,0,,NA,NA,NA,
D_SE6_4,0,,NA,NA,NA,
D_SE6_5,0,,NA,NA,NA,
D_SE6_6,0,,NA,NA,NA,
D_SE6_7,0,,NA,NA,NA,
D_SE6_8,0,,NA,NA,NA,
D_SE6_9,0,,NA,NA,NA,
D_SE7_1,0,,NA,NA,NA,
D_SE7_10,0,,NA,NA,NA,
D_SE7_11,0,,NA,NA,NA,
D_SE7_12,0,,NA,NA,NA,
D_SE7_13,0,,NA,NA,NA,
D_SE7_14,0,,NA,NA,NA,
D_SE7_15,0,,NA,NA,NA,
D_SE7_2,0,,NA,NA,NA,
D_SE7_3,0,,NA,NA,NA,
D_SE7_4,0,,NA,NA,NA,
D_SE7_5,0,,NA,NA,NA,
D_SE7_6,0,,NA,NA,NA,
D_SE7_7,0,,NA,NA,NA,
D_SE7_8,0,,NA,NA,NA,
D_SE7_9,0,,NA,NA,NA,
D_SE8_1,0,,NA,NA,NA,
D_SE8_10,0,,NA,NA,NA,
D_SE8_11,0,,NA,NA,NA,
D_SE8_12,0,,NA,NA,NA,
D_SE8_13,0,,NA,NA,NA,
D_SE8_14,0,,NA,NA,NA,
D_SE8_15,0,,NA,NA,NA,
D_SE8_2,0,,NA,NA,NA,
D_SE8_3,0,,NA,NA,NA,
D_SE8_4,0,,NA,NA,NA,
D_SE8_5,0,,NA,NA,NA,
D_SE8_6,0,,NA,NA,NA,
D_SE8_7,0,,NA,NA,NA,
D_SE8_8,0,,NA,NA,NA,
D_SE8_9,0,,NA,NA,NA,